FECHA,PRECIPITACION_FALTANTE,PC1,PC2,PC3,PC4,PC5
2018-01-01,0,0.5318622089776791,0.28927030561745376,-0.3358024849062089,1.5756324783310351,0.258762744218707
2018-01-02,0,1.6217360857021414,-0.4330321248173929,-0.08173727009091694,0.7679818995373261,0.36118801432036807
2018-01-03,0,1.2481158898713074,-0.026786162383679868,-0.2887413524863772,0.33529708896746413,0.6161845251272997
2018-01-04,0,1.8715415500126877,2.613376489186293,3.4316716206192894,-0.17446140123124904,-0.006906193493917218
2018-01-05,0,1.5090205342009557,-0.2548054394329304,-0.18290567771306393,0.5881182379434584,0.442429723525702
2018-01-06,0,1.0183940956898296,0.0942624533589991,-0.32648226800420393,0.1833329925303393,0.7629959930240628
2018-01-07,0,0.48580304895194104,0.48896042341501883,-0.4653772737438501,1.3897196950642958,0.3017897365282763
2018-01-08,0,0.3227376462459108,0.6314724715708004,-0.5315245704771708,1.2317064769542994,0.41038648752927487
2018-01-09,0,0.8630647557465005,-0.6260983119275176,0.19083860516135417,0.6365615389805727,0.9064865956622886
2018-01-10,0,1.6314622903047824,-0.20237777139633978,-0.24412825992627352,0.5654857800570487,0.37324007313423946
2018-01-11,0,1.2727184043515158,0.1111487345463798,-0.3896523127395793,0.2178567002150566,0.6121529253364364
2018-01-12,0,1.3599720272766733,0.35376571717015015,-0.5760398640082086,0.01984567360257411,0.5787504838544766
2018-01-13,0,1.206347421024676,0.40830871044013106,-0.5829120410504856,-0.05837892104988568,0.6748834679507737
2018-01-14,0,0.07815044703717687,0.46742844523024446,-0.38308387480453965,1.1746006390373138,0.6503790417959091
2018-01-15,0,1.655205390689171,0.49433569047201237,-0.733506139323454,-0.04726968565411649,0.4130161412758868
2018-01-16,0,1.7149960383480487,0.44208127281489246,-0.7092521305212363,0.010668494319548916,0.3731973325755207
2018-01-17,0,1.4549508081142204,0.11132198492585066,-0.42662088615057125,0.25316242230231223,0.5031444662446077
2018-01-18,0,1.5364835094672353,0.040065960847959825,-0.3935472377839109,0.33216903135731046,0.4488460907441083
2018-01-19,0,1.2535514032948418,-0.03153656398887256,-0.28653644259526656,0.3405641962377973,0.6125646334272664
2018-01-20,0,1.5545056882794819,0.42290641601465084,-0.6634639175458016,-0.003568798686373942,0.46772622486721627
2018-01-21,0,-0.15157134714430096,0.5884770609729234,-0.42082479032236636,1.0226365426001889,0.7971905096926722
2018-01-22,0,1.482128375231892,0.08756997689988702,-0.4155963366950178,0.2794979586539784,0.48504500774444126
2018-01-23,0,1.6208766716063214,0.12574644012089958,-0.47020418923489526,0.27266682257856834,0.40499568225287885
2018-01-24,0,1.630317468060355,0.037777385235098826,-0.41092906954385144,0.352455446036105,0.39253191534817733
2018-01-25,0,1.6863882408373414,0.38736502916544074,-0.6654113800679673,0.05358736688475302,0.3860728075710522
2018-01-26,0,0.805849160725086,-0.7355307992264208,0.2785201060678921,0.7223992841109809,0.9322375456533517
2018-01-27,0,1.426343010603513,0.05660574127639889,-0.3827801356973023,0.29608129486751644,0.5160199412401393
2018-01-28,0,0.01577384189052443,1.0591818664176162,-0.7669350340881252,0.7929725447115661,0.627168281440442
2018-01-29,0,1.6726567532042018,0.23992932902499564,-0.5600906000325439,0.18156197017782688,0.38286462396184906
2018-01-30,0,1.6306028762089626,0.35640079354195275,-0.6325951790702519,0.07017070309829104,0.41704774106675024
2018-01-31,0,1.753044632312789,0.40882846157854347,-0.6938177612834614,0.04753824521188138,0.3478580906752877
2018-02-01,0,1.7353078616491506,0.3446114147187062,-0.645567191047971,0.10099133231775193,0.3534937822707527
2018-02-02,0,0.5473093351524622,0.833797665740168,-0.7176546743768552,1.096118723183277,0.29171073705111783
2018-02-03,0,1.301611610010831,0.4844883865026854,-0.6551591727192486,-0.10734691528796142,0.6237932760594775
2018-02-04,0,-0.2943358313995409,1.0113313496067473,-0.6709487883550344,0.7750321732403869,0.8089862826237664
2018-02-05,0,1.731017170470044,0.10920665969246046,-0.48097129132150385,0.30875455906836247,0.337821831756848
2018-02-06,0,1.559941201703016,0.4181560144094581,-0.6612590076546909,0.0016983085839592515,0.46410633316718297
2018-02-07,0,1.403456134664948,0.3157625043286084,-0.558400584879323,0.06198253176523982,0.5497913502542103
2018-02-08,0,1.5748175115805836,0.32543655791846465,-0.5997789780725363,0.08675403931182907,0.44802267456244815
2018-02-09,0,1.387149594394345,0.33001370914418654,-0.5650153145526551,0.04618120995424019,0.5606510253543101
2018-02-10,0,0.22260876013343722,1.1972900137271465,-0.9048145677523193,0.7108378780464142,0.5141282225577499
2018-02-11,0,0.18064896410354564,2.481064788843967,1.5633302390650856,0.44056480101773177,0.08146765891585986
2018-02-12,0,0.11103803087667934,1.1353615424801704,-0.8391821657568884,0.7440045504734902,0.5760780895491459
2018-02-13,0,0.20201152868372757,0.9761364635164789,-0.746833397699184,0.902799782986025,0.5093159471439451
2018-02-14,0,1.4632467823238258,0.26350808667148845,-0.5341465760771054,0.11992071173890517,0.5099725415538442
2018-02-15,0,1.6211620797549295,0.4443698484277534,-0.6918702987612956,-0.009617920359245524,0.42951150797145166
2018-02-16,0,1.3940153382109148,0.4037315592144092,-0.6176757045703668,-0.017806091692296744,0.5622551171589117
2018-02-17,0,1.2386750934172743,0.061182892502120834,-0.34801647217742104,0.25550846550992756,0.6286482920320012
2018-02-18,0,-0.29033054836904204,0.9281126963261392,-0.6138785785551012,0.8495536894275901,0.8001424074190983
2018-02-19,0,1.7092751167759068,0.12820826611323136,-0.4897909308859466,0.2876861299870296,0.35230139855698106
2018-02-20,0,1.0810452041347784,0.19894453905270976,-0.41195885901963114,0.1027623546702644,0.7336251513329665
2018-02-21,0,1.5679517677640138,0.2517187078482421,-0.5471185880548246,0.150741340958366,0.4464185827578465
2018-02-22,0,1.112228054282949,0.09197387774613816,-0.34386409976414456,0.2036194072091338,0.7066818176281319
2018-02-23,0,1.8251365372117712,0.4255414923864534,-0.720019232607845,0.04675623080934299,0.3060234820794898
2018-02-24,0,1.8049730994497901,0.5036915623137683,-0.11587883630058717,-0.11543479388249395,-0.35182971379802086
2018-02-25,0,-0.08235080788170157,0.8260656870042313,-0.5849573026017173,0.9804493567833821,0.6678105063224683
2018-02-26,0,1.773356455613891,0.3113586034823572,-0.6301328218101961,0.1378610832100844,0.3281545403705197
2018-02-27,0,1.4864190664109986,0.32297473192613296,-0.5801922364214851,0.07173473190336782,0.5007169582583458
2018-02-28,0,1.2864498919846556,0.25858443468682496,-0.4949730927750027,0.08988209692198273,0.6153611089456396
2018-03-01,0,1.2386750934172743,0.061182892502120834,-0.34801647217742104,0.25550846550992756,0.6286482920320012
2018-03-02,0,1.7121355775619778,0.2851447694640619,-0.5995215307035915,0.14917731215328917,0.3627493655662509
2018-03-03,0,2.091762103113562,0.5113952220388638,-0.8336447574698213,0.022559744117856495,0.1531646144964316
2018-03-04,0,-0.005968211803612955,1.078183472838387,-0.7757546736525681,0.7719041156302331,0.6416478482405751
2018-03-05,0,1.4415047286296885,0.2825096930922594,-0.5429662156415481,0.09885228265757234,0.5244521083539773
2018-03-06,0,1.999358374913478,0.5921520493271402,-0.8711282256187031,-0.06698107947780813,0.2147027733969975
2018-03-07,0,1.3067617152857576,0.16111457659063877,-0.43128815330173753,0.1802049349201857,0.5956575586408716
2018-03-08,0,1.7230066044090464,0.2756439662536765,-0.59511171092137,0.1597115266939556,0.35550958216618433
2018-03-09,0,0.6522997287412582,1.1406316952237756,-0.9522927958809749,0.8446546094649241,0.2526726039736931
2018-03-10,0,1.2821592008055491,0.0231796796605791,-0.33037719304853547,0.2976453236725932,0.5996891584317349
2018-03-11,0,0.3095769749099867,1.121283588044063,-0.8695360094945482,0.7951115943717456,0.4562099553572174
2018-03-12,0,1.24010532381031,0.13965114417753616,-0.40288177208624343,0.18625405659305733,0.633872275536636
2018-03-13,0,1.3430946707088545,-0.26922989462797936,-0.13932237462873992,0.5686138376672023,0.5405785075174309
2018-03-14,0,1.2060620128760682,0.08968530213327716,-0.3612459315240852,0.22390582188792824,0.6503676422322009
2018-03-15,0,1.687818471230377,0.46583328084085607,-0.7202766799767898,-0.015667042032117218,0.39129679107568716
2018-03-16,0,1.6019950786982553,0.301684549892501,-0.5887544286169829,0.11308957566349515,0.4299232160622818
2018-03-17,0,2.042557074153145,0.23552542817874456,-0.631822836963417,0.2574405216226715,0.16122781407815834
2018-03-18,0,-0.185625562928854,0.9163233175028929,-0.6268505905328204,0.8803743186470511,0.7365884486231007
2018-03-19,0,-0.23168472295459194,1.116013435300458,-0.7564253793704616,0.6944615353803117,0.7796154409326701
2018-03-20,0,1.783082660216532,0.5420129569034104,-0.7925238116455529,-0.06463503627019296,0.340206599184391
2018-03-21,0,1.9773309130707328,0.29253024744105716,-0.6582817556567454,0.1942352343786729,0.20466651447855777
2018-03-22,0,1.668651470173703,0.32314798230560365,-0.617160809832477,0.10704045399062351,0.3917084991665172
2018-03-23,0,1.277020000380934,-0.031258609001602766,-0.3065865716934342,0.190007462712455,0.7049223036154773
2018-03-24,0,1.4128969311189812,0.22779344944280766,-0.49912546518827927,0.1417711552227764,0.5373275833495088
2018-03-25,0,0.10846297823921609,1.2970484474361936,-0.9511176754656437,0.6002286253694167,0.5901459482584489
2018-03-26,0,1.3244984859493962,0.22533162345047592,-0.4795387235372278,0.1267518478143152,0.5900218670454065
2018-03-27,0,1.494715040620604,0.4751608336717707,-0.6877179263480192,-0.06150697866003929,0.5075450335675824
2018-03-28,0,0.9628941392100585,0.3819216260423649,-0.5153321765328889,-0.08236841419393648,0.8184867522383337
2018-03-29,0,0.17225890892859258,1.1615753764984658,-0.8697934568634932,0.7326883215302855,0.5414832643534145
2018-03-30,0,-0.15328698568594443,0.19138540099065432,-0.1442933808871436,1.374175694454873,0.7674507004694645
2018-03-31,0,0.7572149480618848,-0.3741537764728326,0.037009807521495436,0.39271057574016793,0.9893323966722241
2018-04-01,0,0.08929597718254194,1.1543631489009414,-0.8480018053213311,0.7229361213921575,0.590557656349279
2018-04-02,0,1.233524988142348,0.38455670241416745,-0.5718874915949321,-0.0320433846982196,0.6567840094506073
2018-04-03,0,1.6998343203218733,0.21617732099903203,-0.5490660505769904,0.20789750652949296,0.3647651654616826
2018-04-04,0,1.6114358751522884,0.21371549500670034,-0.5294793089259391,0.19287819912103166,0.41745944915758026
2018-04-05,0,1.3393747958269635,0.1326121669594824,-0.41805869395507333,0.21180757854218496,0.5739382084406718
2018-04-06,0,0.44145952746784645,1.085742201194853,-0.8714834720167141,0.8522677599428725,0.37455653806105327
2018-04-07,0,1.2143579870856738,0.24187140387891498,-0.46877162145061924,0.09066411132452112,0.6571957175414374
2018-04-08,0,-0.052027371829350966,1.2778735906359522,-0.9053294624902092,0.5859913323634938,0.6846748405501444
2018-04-09,0,1.511021580891207,0.4609096288561926,-0.6811031966746871,-0.045705656849039655,0.4966853584674825
2018-04-10,0,1.219793500509208,0.2371210022737223,-0.4665667115595086,0.09593121859485432,0.6535758258414042
2018-04-11,0,1.2575940305582636,0.9594995204172985,-0.07693485097892361,-0.5381669376942562,0.021754095973685966
2018-04-12,0,1.7107053471689422,0.20667651778864654,-0.544656230794769,0.2184317210701594,0.357525382061616
2018-04-13,0,1.3885798247873806,0.4084819608196019,-0.6198806144614776,-0.023073198962629993,0.565875008858945
2018-04-14,0,1.662071134505741,0.5680535405422351,-0.7861665293411657,-0.11125698730065342,0.41462023308048834
2018-04-15,0,0.38595957098807543,1.373401373878219,-1.0603333805453987,0.5865663532185966,0.4300472972753241
2018-04-16,0,1.610005644759253,0.13524724333128496,-0.4746140090171166,0.26213260803790195,0.41223546565294544
2018-04-17,0,1.3081919456787932,0.2395828282660541,-0.4861534532105599,0.11095052600331556,0.6008815421455064
2018-04-18,0,1.7124209857105857,0.6037681777709158,-0.8211876402299919,-0.13310743078452475,0.38726519128482373
2018-04-19,0,1.3081919456787932,0.2395828282660541,-0.4861534532105599,0.11095052600331556,0.6008815421455064
2018-04-20,0,1.5230374299827034,0.21125366901436854,-0.5098925672748877,0.17785889171257047,0.47015373285347806
2018-04-21,0,1.228060303765528,0.472438171546839,-0.222772249938186,-0.28767877807094927,-0.01990360959534812
2018-04-22,0,-0.14327537293469558,0.7406631627185614,-0.5283504802489005,0.8893948320367819,0.8040185850019087
2018-04-23,0,0.4360240140443121,1.090492602800046,-0.8736883819078246,0.8470006526725393,0.37817642976108656
2018-04-24,0,1.5287583515548457,0.5251266757160296,-0.7293537669101775,-0.0991587439549102,0.49104966687201757
2018-04-25,0,1.7797093956011645,0.5370596715476028,-0.25662087297250713,-0.19375962184493972,-0.33952757518204346
2018-04-26,0,1.8048247139106692,0.5230113504826395,-0.7837041720811101,-0.043566607188860074,0.3257270323842578
2018-04-27,0,1.2647078382905184,0.2775860411075958,-0.5037927323394455,0.06881366784064985,0.6298406757457726
2018-04-28,0,1.2672828909279816,0.11589913615157255,-0.39185722263069,0.21258959294472335,0.6157728170364697
2018-04-29,0,-0.8734661646044316,0.3571574182783434,0.1725231870706029,0.8666079267461375,0.5189837980112031
2018-04-30,0,1.563661076584907,0.016313952821996214,-0.38252268832835734,0.35850456770897654,0.43074663224394194
2018-05-01,0,-0.11066229239348951,0.712160753087405,-0.5151210209022363,0.9209974756587811,0.782299234801709
2018-05-02,0,1.5679517677640138,0.2517187078482421,-0.5471185880548246,0.150741340958366,0.4464185827578465
2018-05-03,0,1.573387281187548,0.24696830624304938,-0.5449136781637139,0.1560084482286992,0.44279869105781317
2018-05-04,0,1.3488155922809966,0.04464311207368174,-0.3587835742640296,0.2915962019997216,0.5614744415359704
2018-05-05,0,2.3457038025044556,4.890306415368917,6.289913841380735,-0.4777399050603521,0.08553974589884288
2018-05-06,0,-0.1121034276368365,1.0115045999862182,-0.7079173617660263,0.8103378953276424,0.6999778235319378
2018-05-07,0,1.0615016192712217,0.6758410089722269,0.7732170582403677,-0.10576297497700327,0.1440772039725553
2018-05-08,0,1.2334958171890622,0.4676877699416463,-0.2205673400470753,-0.2824116708006161,-0.02352350129538136
2018-05-09,0,1.5888336047752578,0.9211510203497848,0.6186132859328481,-0.1766881729364001,-0.14699933610470384
2018-05-10,0,1.396590390848378,0.24204465425838584,-0.5057401948616113,0.1259698334117768,0.5481872584496087
2018-05-11,0,1.5593703854058003,-0.21909080220424965,-0.21792678860189013,0.5662677944595871,0.41507468173003725
2018-05-12,0,1.6060003617287542,0.21846589661189308,-0.5316842188170499,0.18761109185069846,0.42107934085761356
2018-05-13,0,-0.185625562928854,0.9163233175028929,-0.6268505905328204,0.8803743186470511,0.7365884486231007
2018-05-14,0,3.931897054183794,16.5040064114224,22.20275186745202,-0.12007310206482763,0.29467195404877466
2018-05-15,0,1.2710401100427955,0.7883118122508896,0.03941047851205334,-0.38385679804951606,0.00044645386431627077
2018-05-16,0,1.2375302711728466,0.30133804913355944,-0.514817281794999,0.04247813148898377,0.6479401342459391
2018-05-17,0,0.9111140576121783,0.26773873713826885,-0.42544576573524023,0.00873643820680492,0.8406178105293635
2018-05-18,0,1.065883486108603,-0.02695941276315067,-0.2517727790753853,0.29999136688020844,0.7251929842191284
2018-05-19,0,0.8538692916374779,0.2414373173668442,0.013555886719154503,-0.1557941027651833,0.1860612497744379
2018-05-20,0,-0.036006239707355725,0.9449989775135201,-0.6770486232904765,0.8840773971123075,0.6492993397314717
2018-05-21,0,1.3388619919976672,0.28459538495450554,0.008113644900327427,-0.05582582486630194,-0.09534799891649282
2018-05-22,0,1.2770090955306226,0.3465534895726257,-0.5542482124660466,0.010093473464446112,0.627824875850341
2018-05-23,0,1.5419190228907698,0.03531555924276711,-0.39134232789280016,0.33743613862764366,0.445226199044075
2018-05-24,0,1.2538368114434497,0.2870868443179813,-0.5082025521216669,0.05827945329998341,0.6370804591458392
2018-05-25,0,1.3665523629446352,0.10886015893351883,-0.4070341444995199,0.23814311489385104,0.5558387499405054
2018-05-26,0,2.2526052485971784,6.0439646445117745,7.713910164367512,-0.7290098077912406,0.3277736153889034
2018-05-27,0,-0.5217099686242441,1.44129968669528,-0.39224796483510505,0.21692585556103444,0.2969595101726347
2018-05-28,0,1.3735871605353223,-0.12176648224317799,0.038439539249481486,0.22333738738882214,-0.15840179810827837
2018-05-29,0,1.8932231590802544,0.5254731764749712,-0.8032909137321614,-0.028547299780398827,0.27303274868836014
2018-05-30,0,1.708130294531479,0.3683634227446699,-0.6565917405035245,0.07465579596608585,0.37159324077091915
2018-05-31,0,1.9295561145033513,0.09512870525635309,-0.5113251350591637,0.3598616029666177,0.21795369756491945
2018-06-01,0,1.213213164841246,0.4820265605103536,-0.6355724310681973,-0.12236622269642267,0.6764875597553753
2018-06-02,0,1.5773925642180469,0.16374965296244132,-0.4878434683637808,0.23052996441590262,0.4339548158531451
2018-06-03,0,-0.6261766535334321,0.604670340642421,-0.3361205414137739,0.9159373619358835,1.0823812783723605
2018-06-04,0,-0.08750091315662806,1.1494394969162778,-0.8088283220192284,0.692897506575235,0.6959462237410743
2018-06-05,0,1.6480542387239934,0.10199443209493597,-0.4591796397793418,0.2990023589302344,0.3868962237527124
2018-06-06,0,1.6028544927940753,-0.2570940150457914,-0.20028750947300455,0.6084046526222529,0.386115548129771
2018-06-07,0,1.4535205777211848,0.03285373325043528,-0.37175558624174876,0.3224168312191825,0.4979204827399728
2018-06-08,0,2.4482163445779728,0.6781790293590215,-1.0217223238916713,-0.05587184408203899,-0.04716455327788949
2018-06-09,0,1.7759315082513543,0.1496716985263339,-0.5181973121014407,0.28163700831415794,0.31408668166121656
2018-06-10,0,0.22146393788900953,1.437445170358585,-1.071615377369897,0.49780754402547034,0.5334200647716878
2018-06-11,0,-0.09582605831951924,1.0803844626981187,-0.3499824805448374,0.5757709310362457,0.008810637685849304
2018-06-12,0,1.9581639120140586,0.14984494890580474,-0.5551658855124326,0.31694273040141363,0.205078222569388
2018-06-13,0,1.8689060527486538,0.7061616878517654,-0.9240460630053597,-0.19339165396580532,0.30158017419779637
2018-06-14,0,0.9803455017250893,0.12751526459534815,-0.3419166372419788,0.14646324163800684,0.7883352349242958
2018-06-15,0,0.9597482702753796,-0.09363828561531956,-0.18393546718884363,0.3384251465776178,0.783522959510491
2018-06-16,0,0.7213364545615126,0.07046961180572009,0.021511993088810633,-0.2288014958031545,0.3530826336608522
2018-06-17,0,-0.25600182928619264,1.2967019466772522,-0.8771805286436599,0.5296171811949053,0.8081628664421063
2018-06-18,0,1.3943007463595227,0.722354967521263,-0.8393418140967672,-0.3000908346301107,0.5867709428774845
2018-06-19,0,0.7440433718756493,0.49346943857465847,-0.5486632722684942,-0.22379829609039498,0.9580584367350302
2018-06-20,0,1.0118137600218675,0.3391680115956304,-0.4954879875128926,-0.03496444876093763,0.785907726938034
2018-06-21,0,0.9056080367653655,0.9256696124270367,0.2630519999491253,-0.4889984768362086,0.24050597882562152
2018-06-22,0,1.1342555161256942,0.3915956796322212,-0.5567105697261022,-0.05759690664734729,0.7167180765465715
2018-06-23,0,0.5929938182611154,0.38632552688861604,-0.4435999396020156,-0.1582469656387812,1.0401235621220244
2018-06-24,0,0.17812821603985546,1.456128595031256,-0.4214293207182599,0.3838024991691708,-0.11517754781032447
2018-06-25,0,1.4498007028392939,0.43469579483789716,-0.6504919055680823,-0.034389427905834824,0.5312801836632137
2018-06-26,0,1.1462713652171905,0.1419397197903971,-0.38549994032630286,0.16596764191426283,0.690186450932567
2018-06-27,0,0.673096289221095,0.23660125113530994,-0.35566099132653284,-0.009985947666912687,0.98060120311689
2018-06-28,0,0.9654691918475218,0.22023472108634162,-0.4033966668241333,0.061407510910137075,0.8044188935290306
2018-06-29,0,0.9096838272191428,0.18927048546285352,-0.3705804658264178,0.0779908471236751,0.8353938270247285
2018-06-30,0,0.9136891102496416,0.10605183218224551,-0.3135102560264847,0.15251236331087847,0.8265499518200604
2018-07-01,0,-0.12910032822914239,1.2801898784931693,-0.6048649368166236,0.34840307069939325,0.038800526711162964
2018-07-02,0,-0.15561670597839702,1.1326388803552387,-0.374236489347055,0.5178327510625803,0.04862944638621544
2018-07-03,0,1.4566664466558636,0.5084136449081198,-0.7031522955857941,-0.09837672955237181,0.5328842754678154
2018-07-04,0,1.1642935440294369,0.5247801749570882,-0.6554166200881936,-0.16977018812942163,0.7090665850556749
2018-07-05,0,1.6795224970207718,0.3136471790952182,-0.6127509900502556,0.11757466853128995,0.3844687157664506
2018-07-06,0,0.9668994222405574,0.2987029727617569,-0.4582619667329557,-0.007846898006733105,0.8096428770336654
2018-07-07,0,0.866199719830868,0.2272736983043953,-0.38821974495530337,0.035853988961009386,0.8643529606249949
2018-07-08,0,-0.07519965591652383,1.2184069453813078,-0.8592838021458294,0.6341773121990313,0.6939304238456427
2018-07-09,0,1.0907714087374194,0.42959889247376293,-0.5743498488549877,-0.09973376481001295,0.7456772101468379
2018-07-10,0,0.8636246671934047,0.3889606032604186,-0.5001552546640589,-0.10792193614306417,0.8784208193342979
2018-07-11,0,1.0947766917679183,0.3463802391931549,-0.5172796390550546,-0.025212248622809574,0.7368333349421696
2018-07-12,0,1.2581275026225565,0.5224915993442272,-0.6727984518481341,-0.1494837734506272,0.6527524096597439
2018-07-13,0,0.8742102858918657,0.060836391743179286,-0.2740793253554371,0.18489702133541613,0.8466652102156585
2018-07-14,0,0.8876563653763976,-0.11035131642322948,-0.15773399586446024,0.33920716098015613,0.8253575681062889
2018-07-15,0,0.10016700402961064,1.1448623456905558,-0.8435919855391097,0.7334703359328238,0.5833178729492124
2018-07-16,0,1.4826991915291077,0.7248167935135947,-0.8589285557478186,-0.28507152722164947,0.5340766591815869
2018-07-17,0,1.4907097575901054,0.5583794869523786,-0.7447881361479524,-0.13602849484724272,0.5163889087722506
2018-07-18,0,1.536768917615843,0.35868936915481364,-0.6152133473103112,0.0498842884194966,0.4733619164626812
2018-07-19,0,1.3980206212414137,0.32051290593380116,-0.5606054947704338,0.05671542449490663,0.5534112419542436
2018-07-20,0,-0.5389230306082748,0.8472873232661913,-0.5225080926824032,0.7179263353234011,1.0489788368904005
2018-07-21,0,1.1940461637845718,0.3393412619751012,-0.5324565609238845,0.00034127332631805896,0.6768992678462054
2018-07-22,0,-0.3352448861503523,0.8876476574922658,-0.5766525577751643,0.8766712401817947,0.8238775575147297
2018-07-23,0,1.0581583281962135,0.4581013021049193,-0.5875793082016518,-0.13133640843201227,0.7673965603470375
2018-07-24,0,1.0306953529299339,0.16322990182402897,-0.37693774813080494,0.12461279815413562,0.7609801931286312
2018-07-25,0,0.9531679346074176,0.15126727262131173,-0.35294118669753227,0.12012770528634081,0.8064346934244623
2018-07-26,0,1.1042174882219513,0.25841118430735416,-0.45800451936401076,0.05457637483472705,0.7243695680374682
2018-07-27,0,1.7124209857105857,0.6037681777709158,-0.8211876402299919,-0.13310743078452475,0.38726519128482373
2018-07-28,0,1.3107669983162562,0.07789592331003076,-0.37421794350180443,0.2547264511073891,0.5868136834362033
2018-07-29,0,-0.5718215192980888,0.5571663245904939,-0.314071442502667,0.9686084346392156,1.0461823613720276
2018-07-30,0,0.8973825699790385,0.12030303699782369,-0.3201249856998168,0.13671104149987878,0.8374096269201603
2018-07-31,0,0.7240368223710781,0.7541933558836715,0.541673570285239,-0.3285389822086113,0.3412438990923362
2018-08-01,0,1.2921708135567977,0.5724574413884862,-0.7144342924102925,-0.187135538745498,0.6362570429641791
2018-08-02,0,1.4320639321756554,0.37047874797806013,-0.6022413353325919,0.01906365920003572,0.5369158752586787
2018-08-03,0,0.644784804709307,0.12269631721848367,-0.2858247096270518,-0.06943782879151361,1.0950899315961307
2018-08-04,0,0.725161778967583,0.6694075483462598,-0.6672135116505817,-0.3833755430054681,0.9829859705444332
2018-08-05,0,-0.4196271434391272,0.42415507964509763,-0.2523339655515676,1.1160874382085457,0.9448253937710955
2018-08-06,0,1.1886106503610376,0.34409166358029397,-0.5346614708149953,-0.004925833944015134,0.6805191595462387
2018-08-07,0,-0.14470560332773105,0.662194911043146,-0.473485180340078,0.958649240953652,0.7987946014972738
2018-08-08,0,1.7679209421903566,0.31610900508754997,-0.6323377317013069,0.13259397593975114,0.331774432070553
2018-08-09,0,1.2212237309022436,0.3155892539491376,-0.5214320114683311,0.026676809677984137,0.658799809346039
2018-08-10,0,0.882506260101471,0.21302249348881713,-0.38160501528197127,0.05165531077200902,0.853493285524895
2018-08-11,0,1.354536513853139,0.3585161187753429,-0.5782447738993193,0.014578566332240916,0.5823703755545099
2018-08-12,0,0.04009094822212504,0.878493355040822,-0.6461798848149269,0.9578168988969724,0.5986208559310058
2018-08-13,0,1.4088916480884823,0.3110121027234157,-0.5561956749882123,0.06724963903557302,0.546171458554177
2018-08-14,0,1.026690069899435,0.24644855510463698,-0.4340079579307381,0.050091281966932244,0.7698240683332993
2018-08-15,0,1.9133558658105314,3.4544299895998303,3.6967448014657602,-0.6047195160659016,0.0710236058507919
2018-08-16,0,1.3273589467354672,0.3822681268013065,-0.5892693233548727,-0.011756970019425161,0.6004698340546764
2018-08-17,0,1.4580966770488992,0.586881896583535,-0.7580175954946164,-0.167631138469242,0.5381082589724503
2018-08-18,0,0.7821028706907012,0.082404528764081,-0.2855672622581069,-0.007014555950053403,1.0098166225999334
2018-08-19,0,-0.3009161670675029,1.2562369078433786,-0.839954507863723,0.5567347319491097,0.8318980165377377
2018-08-20,0,-0.3730080719664849,1.2395238770354688,-0.8137530365393396,0.5575167463516482,0.8737326251335356
2018-08-21,0,1.5805384331527257,0.6393095646201259,-0.8192401777078261,-0.19026359635565165,0.46891860858098766
2018-08-22,0,0.9056785441886439,0.27248913874346153,-0.42765067562635095,0.003469330936471726,0.8442377022293968
2018-08-23,0,0.9511194959566347,1.888667348369571,2.7576559289553226,-0.34850020571820567,0.5345986767766067
2018-08-24,0,0.7002738563387667,0.21284924310934633,-0.3446364418709793,0.016349588684753336,0.9625017446167237
2018-08-25,0,1.059588558589249,0.5365695537803346,-0.6424446081104743,-0.20059081734888246,0.7726205438516724
2018-08-26,0,-0.07162526126668084,2.9413931593242038,2.15267050484438,0.29045237946071356,0.30583995862522073
2018-08-27,0,1.219793500509208,0.2371210022737223,-0.4665667115595086,0.09593121859485432,0.6535758258414042
2018-08-28,0,0.9780558572362339,0.6078255778582253,-0.6755182564771347,-0.2795974264038807,0.8269189193521718
2018-08-29,0,1.1125134624315567,0.41059728605299206,-0.565530209290545,-0.07866533572868012,0.7311976433467047
2018-08-30,0,0.9259903674897458,0.17501928064727534,-0.3639657361530857,0.09379216893467479,0.8245341519246288
2018-08-31,0,1.245826245382452,0.4535241508791973,-0.6223429717215331,-0.09076357907442334,0.6547682095551756
2018-09-01,0,1.4809835529874642,0.32772513353132565,-0.5823971463125958,0.06646762463303463,0.5043368499583791
2018-09-02,0,-0.10666791421330218,1.0067541983810255,-0.7057124518749156,0.8156050025979756,0.6963579318319044
2018-09-03,0,1.5516452274934107,0.26596991266382025,-0.5537333177281567,0.1349400191473663,0.4572782578579464
2018-09-04,0,1.1129679243542816,0.4248762031129265,-0.28906224505023215,-0.311768504524986,0.03986882921189208
2018-09-05,0,1.2734376061878523,0.7290757629912163,-0.1651591960118572,-0.41858097235420516,-0.016372169408696707
2018-09-06,0,1.415054063479569,1.2557377190976502,1.034252615663782,-0.28778526701344237,0.009875856531177923
2018-09-07,0,0.8261254187038103,1.474140288172545,0.7561485726263835,-0.683593799763508,0.3683335863478552
2018-09-08,0,1.4008810820274846,0.4774494092846317,-0.6703360945880785,-0.08179339333883373,0.5638592089635134
2018-09-09,0,-0.17618476647482093,0.8283542626170923,-0.5675754708417766,0.9601629421045876,0.7241246817183993
2018-09-10,0,1.5027256066816017,0.30872352711055473,-0.573577506748153,0.08753605371436746,0.48985728315824595
2018-09-11,0,0.9505928819699543,0.31295417757733507,-0.4648766964062878,-0.023648219817732796,0.8205025521337653
2018-09-12,0,0.9915019367207658,0.43663786969181656,-0.5591729269861577,-0.12528728675914064,0.8056112772428021
2018-09-13,0,1.3385153817311437,0.6913907318977748,-0.8065256130990517,-0.2835074984165727,0.6177458763731826
2018-09-14,0,1.2538368114434497,0.2870868443179813,-0.5082025521216669,0.05827945329998341,0.6370804591458392
2018-09-15,0,1.4907097575901054,0.5583794869523786,-0.7447881361479524,-0.13602849484724272,0.5163889087722506
2018-09-16,0,0.034940842947198555,1.2018671649528685,-0.8700509042324381,0.6702650486888253,0.6267565733496119
2018-09-17,0,1.6540605684447434,0.734490847103451,-0.9003069489410319,-0.2603000196750603,0.4323079834898247
2018-09-18,0,1.2798695563166937,0.5034899929234562,-0.6639788122836914,-0.1284153443692943,0.6382728428596107
2018-09-19,0,1.530188581947881,0.6035949273914449,-0.7842190668189999,-0.16841315287178044,0.4962736503766524
2018-09-20,0,1.4297742876867998,0.8507890612409372,-0.9358429545677479,-0.4069970088418519,0.5754995596865546
2018-09-21,0,1.629458053964535,0.5965559501733915,-0.7993959886878299,-0.1428596309226528,0.4363395832806881
2018-09-22,0,0.8468053230935053,0.5551950260710199,-0.08059764548199011,-0.3913566613625508,0.21999428707723312
2018-09-23,0,-0.6696607609217069,0.6426735534839627,-0.3537598205426595,0.8738005037732179,1.1113404119726267
2018-09-24,0,1.5859739465762601,0.6345591630149332,-0.8170352678167154,-0.18499648908531846,0.46529871688095437
2018-09-25,0,1.1139436928245923,0.4890655377284073,-0.6203955091993674,-0.1479197446455504,0.7364216268513396
2018-09-26,0,1.6377540281741403,0.7487420519190291,-0.906921678614364,-0.27610134148605997,0.4431676585899246
2018-09-27,0,0.9131763064203451,0.25803505017726863,0.11266208282891607,-0.11512104009760854,0.1572637444628957
2018-09-28,0,1.3625470799141366,0.19207881221412687,-0.46410435429945307,0.16362159870664766,0.5646826251451735
2018-09-29,0,1.684958010444306,0.3088967774900255,-0.6105460801591449,0.1228417758016232,0.3808488240664173
2018-09-30,0,-0.15255802046492303,0.9020998249316712,-0.3371531669458435,0.6788737934727445,0.023540284288088437
2018-10-01,0,2.074528073482512,3.0172771371581293,3.7229183234016383,-0.2736672455099836,-0.07006371893712438
2018-10-02,0,1.2389605015658822,0.37980630080897476,-0.5696825817038215,-0.026776277427886408,0.653164117750574
2018-10-03,0,1.4168523749611979,0.5127305667677267,0.07895615817332033,-0.15512537552755862,-0.11353590893004117
2018-10-04,0,2.9182302659658457,6.442827556034432,8.77360972884701,-0.4268458390470828,0.025230543959966406
2018-10-05,0,2.4441965333652753,4.301947190776962,5.207504952312688,-0.46330241672941425,-0.0837382279490374
2018-10-06,0,1.2713538865576157,1.1534595070142861,1.0118033710050045,-0.2689561209022749,0.08252377033394967
2018-10-07,0,-0.2962788656218729,1.084846315926355,-0.1899111495908111,0.5766531787487699,0.1344760917619669
2018-10-08,0,2.8300300455236638,6.052890171267702,8.94001039271692,-0.14231528621163952,0.042387698548467384
2018-10-09,0,1.6196613419386154,1.0190820704359131,0.053697676723002824,-0.43283131921505574,-0.1794441989369584
2018-10-10,0,0.7709355308447132,0.151094022241841,-0.3159726132865403,0.08482198319908513,0.9154431525162909
2018-10-11,0,1.2094924873722817,1.0135239760818366,0.6310704031726776,-0.33235534783878135,0.08710124068368823
2018-10-12,0,0.7841542146485565,0.45051294037730916,0.004878945533437068,-0.3107860235024759,0.24936512876832945
2018-10-13,0,1.479809559789751,0.651011357690243,-0.39787780438231685,-0.3969309954903056,-0.1566788185736715
2018-10-14,0,-0.038581292344818996,1.1066858824695434,-0.7889841329992321,0.7403014720082339,0.6633671984407749
2018-10-15,0,-0.6193109097168623,0.6783881907126436,-0.3887809314314857,0.8519500602893466,1.083985370176962
2018-10-16,0,1.5396293784019142,0.5156258725056442,-0.7249439471279561,-0.0886245294142437,0.483809883471951
2018-10-17,0,0.8471604360783183,0.3502933146783198,0.5524127229833417,-0.03435646254502567,0.22549581620465298
2018-10-18,0,1.170588471548791,-0.0387487915863971,-0.26474479105310456,0.3308119960996694,0.6616390254231308
2018-10-19,0,1.6159621352917208,1.1358994289453268,-0.39472990461714025,-0.6685878175049313,-0.18437239168482422
2018-10-20,0,0.7680859749089535,-0.383654579683218,0.04141962730371687,0.4032447902808343,0.9820926132721575
2018-10-21,0,2.1881295456516603,5.858825070357326,8.006290406188507,1.1261133367062255,-0.4530138661348596
2018-10-22,0,1.8385611458742335,0.6690338412821142,1.11139651246415,0.22683374360159975,-0.29974228635370115
2018-10-23,0,1.3565407501933864,-0.44041760279438796,-0.022977045137763052,0.7229239773119424,0.5192708654080612
2018-10-24,0,1.7922380485219571,0.1354204937107558,-0.5115825824281086,0.2974383301251575,0.3032270065611168
2018-10-25,0,1.1639789649275434,0.289287834177713,-0.08243035901393633,-0.13785373129400408,0.0042432485911133855
2018-10-26,0,1.59369910448865,0.14949844814686314,-0.4812287386904487,0.24633128622690226,0.4230951407530452
2018-10-27,0,1.6889632934748047,0.22567812420941746,-0.5534758703592118,0.19736329198882652,0.3720049488617492
2018-10-28,0,0.4969594839476176,0.7980830285114873,-0.682633563488029,1.1179691666671483,0.31906577884678256
2018-10-29,0,1.9501533459530611,0.3162822554670208,-0.6693063051122988,0.16789969802700683,0.22276597297872425
2018-10-30,0,1.52732812116181,0.44665842404061445,-0.674488467001355,-0.02990433503804002,0.48582568336738263
2018-10-31,0,1.0370763595677686,1.0435083378865309,-0.9625450032296935,1.0055888916376385,0.014952135485267831
2018-11-01,0,1.8096894110369879,-0.11898586773626091,-0.33816704313719864,0.526269985957101,0.27307548924707903
2018-11-02,0,1.455099193653341,0.09200219675697938,0.24120444962995155,0.18129423560867847,-0.17441227993767094
2018-11-03,0,1.3930395697406042,0.3395422245989283,-0.2863424404212316,-0.1816548515717325,-0.1342976804805358
2018-11-04,0,0.01005292031838223,0.745308859715955,-0.5474738344528355,1.0699901803790466,0.6062723474219024
2018-11-05,0,0.35792577942458004,0.44128315698362086,-0.4063596014217511,1.4070850456803723,0.37459927861977216
2018-11-06,0,1.2703124054881698,-0.031508851744516286,-0.0034537486816216545,0.12326234925249119,-0.08962385580764598
2018-11-07,0,1.6466240083309578,0.023526180419520704,-0.4043143398705194,0.3682567678471046,0.38167224024807755
2018-11-08,0,1.7544748627058246,0.4872967132539588,-0.7486830611922839,-0.0217161637049888,0.35308207417992254
2018-11-09,0,1.2506909425087707,-0.18847306733970315,-0.1768058427776217,0.4790730140715377,0.6021166664179967
2018-11-10,0,1.151706878640725,0.1371893181852044,-0.38329503043519214,0.17123474918459608,0.6865665592325337
2018-11-11,0,0.08214482521736423,0.7620218905238649,-0.5736753057772189,1.0692081659765083,0.5644377388261046
2018-11-12,0,0.4534753765593428,0.836086241353029,-0.7002728426169146,1.0758323085044825,0.3480249124470488
2018-11-13,0,1.848308821298944,0.4850081376410977,-0.7660648929522246,-0.0014297490261943602,0.29676789878399157
2018-11-14,0,1.47554803956393,0.33247553513651834,-0.5846020562037064,0.061200517362701434,0.5079567416584124
2018-11-15,0,1.193760755635964,0.0207178536682473,-0.3107904513974842,0.282626016264132,0.6523834421276326
2018-11-16,0,2.376124439678991,0.6614659985511115,-0.9955208525672881,-0.05508982967950049,-0.0053299446820914975
2018-11-17,0,1.7026947811079445,0.3731138243498626,-0.6587966503946352,0.06938868869575265,0.37521313247095245
2018-11-18,0,0.54759474330107,1.152421074047022,-0.9393207839032557,0.8138339802454633,0.3162265627696907
2018-11-19,0,1.8440181301198375,0.24960338261485182,-0.6014689932257572,0.20633347772441613,0.281095948270087
2018-11-20,0,1.3817140809708106,0.3347641107493793,-0.5672202244437657,0.040914102683906994,0.5642709170543434
2018-11-21,0,1.3242130778007883,-0.09329178485637796,-0.2578726140108275,0.409036590752129,0.5655060413268337
2018-11-22,0,1.5839728998860088,-0.08115590527419003,-0.31883774885509214,0.4488274057071796,0.41104308193917394
2018-11-23,0,1.5024401985329938,-0.009899881196299198,-0.3519113972217526,0.3698207966521814,0.46534145743967326
2018-11-24,0,1.6440489556934945,0.18521308537554398,-0.5162498495792749,0.22448084274303098,0.3957400989573805
2018-11-25,0,0.21432369077414326,0.6672918134072803,-0.5496272370531726,1.0239935778578302,0.5843975750136498
2018-11-26,0,1.2524065810504141,0.208618592642566,-0.4533372522128445,0.12753386221685364,0.6318564756412044
2018-11-27,0,1.3636919021585643,-0.048076344417311734,-0.2973035446818751,0.3766519327275914,0.5453907829312356
2018-11-28,0,2.3403654902031055,0.21440849652458344,-0.6773536025699068,0.3341010874700544,-0.018574387209734394
2018-11-29,0,1.4386442678436173,0.12557318974142878,-0.4332356158239033,0.23736110049131265,0.5140041413447075
2018-11-30,0,2.0914766949649537,0.19277181373201008,-0.6119786479434208,0.30484448705567035,0.1286487887778588
2018-12-01,0,1.7172856828369043,-0.0382290404479847,-0.3756505112860804,0.43672916236143633,0.3346136481476448
2018-12-02,0,0.5001053528822966,1.2736429401691718,-1.0140302728320743,0.6971756058955941,0.3540295715746251
2018-12-03,0,1.8972284421107533,0.4422545231943632,-0.7462207039322283,0.04597421640680455,0.264188873483692
2018-12-04,0,1.926981061865888,0.2568156102123763,-0.6232606447679192,0.21608567786254418,0.2320215562742225
2018-12-05,0,1.4280586491451563,0.4536974012586681,-0.6593115451325251,-0.05545785698716765,0.5457597504633469
2018-12-06,0,1.589693821458151,0.2327171014274712,-0.5382989484903818,0.17180977003969888,0.43193901595771333
2018-12-07,0,1.793668278914993,0.21388874538617114,-0.5664478823369311,0.22818392120828734,0.3084509900657516
2018-12-08,0,0.944387223219077,0.8056417568679533,-0.778362361852175,1.1983328109797877,0.051974468667260715
2018-12-09,0,-0.35983649578024945,0.3719006619879777,-0.22807995674935,1.174025618182211,0.9050065850707294
2018-12-10,0,1.8700508749930815,0.46600653122032687,-0.7572452533877817,0.01963868005513847,0.2822883319838584
2018-12-11,0,1.5027256066816017,0.30872352711055473,-0.573577506748153,0.08753605371436746,0.48985728315824595
2018-12-12,0,1.347956178185177,0.6034216770119742,-0.747250493408008,-0.20371887495903612,0.6052821094684812
2018-12-13,0,0.9720604323657951,-0.40248293572451804,0.013270693457167665,0.45961894144942295,0.8586045873801956
2018-12-14,0,1.2752934569889791,-0.05053817040964348,-0.2777168030308238,0.36163262531913015,0.5980850666271333
2018-12-15,0,1.4970046851094594,-0.005149479591106454,-0.35411630711286324,0.3645536893818482,0.46896134913970655
2018-12-16,0,-0.16387260438440518,0.5195096125078935,-0.37036931019576536,1.0813567369763928,0.7992063095881039
2018-12-17,0,1.491854579834533,0.3182243303209402,-0.5779873265303743,0.07700183917370107,0.49709706655831254
2018-12-18,0,1.377708797940312,0.41798276402998735,-0.6242904342436989,-0.033607413503296435,0.5731147922590116
2018-12-19,0,1.2772945036792305,0.6651768978794796,-0.775914321992447,-0.27219126947336786,0.6523407015689138
2018-12-20,0,1.1645789521780447,0.8434035832639419,-0.8770827296145939,-0.45205493106723543,0.7335824107742477
2018-12-21,0,1.0512925843796435,0.38438345203469665,-0.5349189181839401,-0.06734910678547523,0.765792468542436
2018-12-22,0,-0.16588774557496408,1.696255432651853,-1.1732986797299338,0.1930973367486824,0.7852083919694162
2018-12-23,0,0.125054926658427,1.6014206509274695,-1.166169055318712,0.33374520424260246,0.6038020988769218
2018-12-24,0,0.570767027388243,1.2118877193016664,-0.9853664442476352,0.7656480004099259,0.3069709794741924
2018-12-25,0,0.1894248632950155,0.5885456067445951,-0.4747118080461826,1.2438047203000426,0.486815921320804
2018-12-26,0,1.2441106068408088,0.05643249089692812,-0.3458115622863103,0.26077557278026076,0.6250284003319679
2018-12-27,0,1.236100040779811,0.22286979745814411,-0.45995198188617653,0.11173254040585401,0.6427161507413043
2018-12-28,0,1.6360383896324968,0.35165039193676,-0.6303902691791412,0.07543781036862424,0.41342784936671695
2018-12-29,0,1.1654383662738645,0.2846250183256495,-0.48861581047061553,0.04326014589152222,0.689774742841737
2018-12-30,0,0.06726851533979676,0.8547413470148584,-0.6351553353593734,0.9841524352486384,0.5805213974308393
2018-12-31,0,0.4165716048390301,0.6291838959579394,-0.5489064022371114,1.2519928916330938,0.3540723121333439
2019-01-01,0,0.37395781639688674,-0.2694035547130395,0.06958287855059367,1.8850850996771946,0.41632120556623575
2019-01-02,0,1.5851177221304364,-0.32131106190562847,-0.15203693923751427,0.6618577397281232,0.39175123972523596
2019-01-03,0,1.4017404961233046,-0.08132915565366078,-0.28186917544410023,0.41352168361992386,0.5200515410310026
2019-01-04,0,1.5799676168555101,0.002062748006418036,-0.37590795865502524,0.3743058895199762,0.41988695714384205
2019-01-05,0,1.606859775824574,-0.34031266832639934,-0.14321729967307148,0.6829261688094562,0.3772716729251029
2019-01-06,0,0.8639993441104895,0.6367426243144054,-0.6446352006012573,1.3323565359457332,0.08698100195382218
2019-01-07,0,0.21517220001965165,0.4863253470432163,-0.4088219586818067,1.339394665568579,0.4634924793160027
2019-01-08,0,1.0661797991075224,-0.08614810303052522,-0.2257772478291733,0.19762061319040342,0.8268062377028376
2019-01-09,0,0.24320599158314693,1.4184435639378143,-1.0627957378054542,0.5188759731068032,0.5189404979715547
2019-01-10,0,-0.14042581699893583,1.2754117646436203,-0.8857427208391578,0.5709720249550326,0.7373691242460421
2019-01-11,0,-0.06575885946249072,1.130437890495507,-0.8000086824547857,0.7139659356565677,0.6814666569409412
2019-01-12,0,0.14107605878042212,1.2685460378050375,-0.9378882161189795,0.631831268991416,0.5684265980582492
2019-01-13,0,0.5690513888465994,0.8147960593193972,-0.7088350348124124,1.11718715226461,0.2772311702509847
2019-01-14,0,0.5029658136683676,1.4305794435200023,-1.123760872649719,0.5586667880618537,0.36447753858389487
2019-01-15,0,0.232620372884686,1.7465677754550535,-1.2888716671140763,0.22605701562832287,0.5506961070901941
2019-01-16,0,0.5696222051438152,1.452042875933105,-1.152167253865213,0.5526176663889821,0.32626282168813037
2019-01-17,0,0.5982300026545224,1.5067591195825567,-1.196008004318482,0.509698793823778,0.3133873466925988
2019-01-18,0,0.016059250039132264,1.37780527472447,-0.9886011436145256,0.5106878017737521,0.6516841071590148
2019-01-19,0,0.5207025843320062,1.4947964903798394,-1.1720114428852093,0.5052137009559832,0.3588418469884299
2019-01-20,0,0.3896794458699663,0.9715593122907571,-0.7815970612190654,0.9433726123436139,0.39668759635208317
2019-01-21,0,-0.06031244118864493,0.7478753903160857,-0.5501421317910625,0.89914703217491,0.7549441930060443
2019-01-22,0,0.4878040956421923,1.2046754917041418,-0.9635747927054733,0.7558958002717979,0.35604537147005677
2019-01-23,0,1.003318456782135,1.3121659041491258,-1.1425752721939355,0.7609559139946954,0.05596332789940536
2019-01-24,0,0.20716163395865406,0.6527626536044323,-0.5229623782816729,1.1903516331941721,0.481180229725339
2019-01-25,0,0.6957838361295329,1.1026284823822339,-0.9346535167520894,0.8867914676275896,0.22371347037342681
2019-01-26,0,0.1748339615660559,0.9998884715424425,-0.7578579471547376,0.876464246634359,0.5274154056441115
2019-01-27,0,0.027515187683724365,0.11309039969470985,-0.1263966543893132,1.4787358254589988,0.6532182578730009
2019-01-28,0,0.48236858221865797,1.2094258933093345,-0.9657797025965839,0.7506286930014647,0.35966526317009007
2019-01-29,0,1.438929675992225,0.44419659804828265,-0.6549017253503037,-0.044923642446501266,0.5385199670632803
2019-01-30,0,1.3571115664906022,0.19682921381931962,-0.46630926419056373,0.15835449143631442,0.5683025168452068
2019-01-31,0,1.3327944601590016,0.37751772519611376,-0.587064413463762,-0.0064898627490919125,0.5968499423546431
2019-02-01,0,1.5693819981570492,0.33018695952365734,-0.6019838879636471,0.08148693204149587,0.45164256626248145
2019-02-02,0,0.9689897376992854,0.943576653798013,-0.8792733221053771,1.0808924222273801,0.0479428688763974
2019-02-03,0,0.6668906304702177,0.7292888304259282,-0.6691466567724199,1.2119950831306079,0.21207311965038556
2019-02-04,0,0.9143491953153343,0.6724572615430864,-0.6796563114900835,1.3105060924618621,0.05962596015815744
2019-02-05,0,1.3433800788574624,0.0493935136788744,-0.3609884841551403,0.2863290947293884,0.5650943332360037
2019-02-06,0,1.24010532381031,0.13965114417753616,-0.40288177208624343,0.18625405659305733,0.633872275536636
2019-02-07,0,0.8382520073858534,0.7389628840157845,-0.7105250499656333,1.236766590677197,0.11030444395862342
2019-02-08,0,1.2493467912342158,1.1768660835908686,-1.0982196270027769,0.9287213322428198,-0.10170781509745752
2019-02-09,0,0.7266812781290954,0.6770344127688083,-0.6448926479702023,1.269933263104273,0.17225431095001942
2019-02-10,0,0.431458819566909,0.15865234089271768,-0.2397647318823446,1.5169626116089725,0.41508608129374547
2019-02-11,0,1.055957952475835,0.8675702281149296,-0.8439947638476059,1.1651661385527117,-0.009975398324135215
2019-02-12,0,1.6672212397806674,0.24467973063018839,-0.5622955099236546,0.17629486290749363,0.38648451566188236
2019-02-13,0,0.9961673048169569,0.9198246457720494,-0.8682487726498235,1.1072279585790463,0.029843410376230922
2019-02-14,0,1.3636919021585643,-0.048076344417311734,-0.2973035446818751,0.3766519327275914,0.5453907829312356
2019-02-15,0,0.9089136818917999,0.6772076631482791,-0.6818612213811942,1.3052389851915287,0.06324585185819073
2019-02-16,0,1.4601009133891467,-0.21205182498619596,-0.2027498667330602,0.5407142725104594,0.47500874882600164
2019-02-17,0,0.5947987255712357,0.7125757996180183,-0.6429451854480365,1.2127770975331462,0.2539077282461834
2019-02-18,0,1.314572952316628,1.1198612643285561,-1.0717607083094485,0.9919266194868184,-0.14514651549785695
2019-02-19,0,1.3119118205606841,-0.1622592333214078,-0.2074171338842265,0.46775678512833296,0.5675218412222655
2019-02-20,0,1.4017404961233046,-0.08132915565366078,-0.28186917544410023,0.41352168361992386,0.5200515410310026
2019-02-21,0,2.3372196212684266,-0.26115141513310086,-0.3459568932258617,0.7548946482416087,-0.053538179937576924
2019-02-22,0,1.5886382679822002,0.40203087080604283,-0.627913594518758,1.6813426510453664,-0.36472478492739724
2019-02-23,0,1.4875638886554263,0.0828195752946943,-0.41339142680390706,0.2847650659243116,0.48142511604440796
2019-02-24,0,0.2223342568351408,0.5008545068460644,-0.4354868174533064,1.173036610232237,0.5667098246043134
2019-02-25,0,1.330594084438623,0.7869866512061241,-0.843479869109716,1.2900126842356319,-0.18052201631652964
2019-02-26,0,1.5010099681399582,-0.08836813287171447,-0.2970460973129302,0.43907520556905155,0.4601174739350383
2019-02-27,0,1.1100276785625705,0.5014428037561485,-0.6002795554100986,1.5001219541938577,-0.07069014104304083
2019-02-28,0,1.3122864974777688,0.08552278773257921,-0.35189707982142493,1.9080352572171302,-0.2239179761582103
2019-03-01,0,2.304606540727221,-0.2326490055019445,-0.35918635257252585,0.7232920046196095,-0.03181882973737729
2019-03-02,0,0.431458819566909,0.15865234089271768,-0.2397647318823446,1.5169626116089725,0.41508608129374547
2019-03-03,0,0.6597503833553513,-0.04086452652537659,-0.1471585164556955,1.7381811169629675,0.2630506298923475
2019-03-04,0,0.9343756104678281,0.2563639951400463,-0.394305262490418,1.6831136733978789,0.015406584134816631
2019-03-05,0,0.910928823082359,-0.49953815699568044,0.12106814815297443,2.193498385419239,0.07724376947687836
2019-03-06,0,1.6843871941470903,-0.32835003912368216,-0.16721386110634417,0.6874112616772511,0.3318171726292717
2019-03-07,0,0.9320859659789728,0.7366743084029235,-0.7279068817255739,1.2570530053559914,0.053990268562692484
2019-03-08,0,1.4766928618083577,0.09232037850507974,-0.4178012465861285,0.2742308513836451,0.48866489944447455
2019-03-09,0,1.4237679579660498,0.21829264623242223,-0.49471564540605784,0.15230536976344278,0.5300877999494423
2019-03-10,0,0.5129806160696128,0.4652084153890552,-0.45435272428829654,1.4160552314159618,0.28369027802810987
2019-03-11,0,1.8912221123900033,-0.19024189181415174,-0.3050933947705382,0.6052765950120991,0.2187771137465797
2019-03-12,0,2.0408414356115014,-0.16156623180352464,-0.3552914275281943,0.6089796734773556,0.1314880048549506
2019-03-13,0,1.7456080721990035,-0.3021362051053868,-0.19782515221294897,0.6760950327340461,0.2972223474335405
2019-03-14,0,1.8694800586958658,-0.17124028539338088,-0.31391303433498097,0.5842081659307663,0.23325668054671278
2019-03-15,0,1.8222760764257,0.26860498903562274,-0.6102886327902,0.1852650486430833,0.2955755150702202
2019-03-16,0,0.6997891191600316,1.0194098291016258,-0.8775833069521563,0.9613129838147931,0.2148695951687587
2019-03-17,0,0.5853579291172025,0.800544854503819,-0.7022203051390803,1.1329884740756095,0.2663714951508849
2019-03-18,0,2.2302249913393837,0.23094827695302256,-0.6665865004832984,0.2980133509802604,0.04859946328629636
2019-03-19,0,1.9621691950445574,0.06662629562519673,-0.4980956757124996,0.39146424658861695,0.19623434736471979
2019-03-20,0,1.616585980427215,-0.10965831490534633,-0.305608289508428,0.4804300493291789,0.3893237317389743
2019-03-21,0,2.1947514500121064,0.10251418323334838,-0.5700853600123177,0.4049195251920013,0.059870846477226375
2019-03-22,0,1.46954170984318,-0.3000208798719967,-0.14347474704201638,0.6205028959679959,0.4625449819213
2019-03-23,0,1.711564761264762,-0.3521020471496458,-0.1561893116507907,0.713746798028917,0.3137177141291052
2019-03-24,0,0.4054151698433536,0.32006129086147106,-0.33165011249293247,1.5237434200302413,0.3367962698148377
2019-03-25,0,0.3742323196951831,0.4270319521680427,-0.39974487174841905,1.4228863674913719,0.36373960351967227
2019-03-26,0,1.8451629523642652,0.009448225983413328,-0.43466818360817927,0.41936381174535986,0.261804106056149
2019-03-27,0,1.4477996561490425,-0.28101927345122574,-0.15229438660645916,0.5994344668866631,0.4770245487214333
2019-03-28,0,1.7390277365310416,-0.057230646868755564,-0.36683087172163764,0.4577975914427692,0.32013408134751165
2019-03-29,0,1.2655672523863382,-0.28119252383069654,-0.11532581319546722,0.5641287447994074,0.586033007813262
2019-03-30,0,1.7922380485219571,0.1354204937107558,-0.5115825824281086,0.2974383301251575,0.3032270065611168
2019-03-31,0,-0.1982013234672547,0.15092036215678079,-0.10706736010720674,1.4012932452090776,0.7911858505650959
2019-04-01,0,1.8099748191855958,0.19963754057059296,-0.559833152663599,0.24398524301928698,0.2975913149656517
2019-04-02,0,0.8448323430538154,0.4940573257791531,-0.5415193304569446,1.4550640319684738,0.08739271004465225
2019-04-03,0,1.8194156156396288,0.11166848568479215,-0.5005580329725552,0.3237738664768237,0.2851275480609503
2019-04-04,0,1.9524429904419165,-0.16402805779585644,-0.33570468587714297,0.5939603660688944,0.1841822885508484
2019-04-05,0,1.816555154853558,-0.04526801766603844,-0.3908274331549103,0.4622826843105641,0.27467958105168055
2019-04-06,0,1.616585980427215,-0.10965831490534633,-0.305608289508428,0.4804300493291789,0.3893237317389743
2019-04-07,0,0.45061491577327173,0.6791497380021985,-0.5905422427992697,1.2143411263382229,0.33757694543777905
2019-04-08,0,1.9089588830536417,-0.12602484495431465,-0.3533439650060285,0.5518235079062286,0.21314142215111465
2019-04-09,0,1.6643607789945964,0.0877432272793578,-0.45256491010600974,0.3148036807412341,0.3760365486526125
2019-04-10,0,1.5679517677640138,0.2517187078482421,-0.5471185880548246,0.150741340958366,0.4464185827578465
2019-04-11,0,2.2245040697672414,-0.08292472974863857,-0.4471253008480086,0.575030986647741,0.02770352926775696
2019-04-12,0,1.4804127366902486,-0.3095216830823821,-0.13906492725979497,0.6310371105086626,0.4553051985212335
2019-04-13,0,2.012233638100794,-0.21628247545297624,-0.31145067707492535,0.6518985460425596,0.14436347985048226
2019-04-14,0,0.44118502416954997,0.38930669431377074,-0.4021557217177011,1.3144664921286953,0.42713814010761686
2019-04-15,0,1.658925265571062,0.09249362888455051,-0.4547698199971204,0.3095365734709008,0.3796564403526458
2019-04-16,0,1.6480542387239934,0.10199443209493597,-0.4591796397793418,0.2990023589302344,0.3868962237527124
2019-04-17,0,1.6177308026716426,-0.3498134715367848,-0.13880747989085007,0.6934603833501226,0.3700318895250363
2019-04-18,0,0.698932894714208,0.06353960418106414,-0.21258497837295504,1.8081672126282349,0.1413221180130403
2019-04-19,0,1.384092994228143,-0.2163875897663648,-0.156432441619408,2.189537985752406,-0.290268410472581
2019-04-20,0,0.3673665758786132,0.3533141020978201,-0.34708448173070733,1.4868736691379087,0.36213551171507063
2019-04-21,0,1.055672544327227,0.5489468198080756,-0.6223286543212055,1.4474508814905256,-0.03449122404270802
2019-04-22,0,1.7061292478412275,-0.34735164554445314,-0.1583942215419014,0.7084796907585839,0.3173376058291385
2019-04-23,0,1.8505984657877996,0.004697824378220639,-0.4324632737170686,0.42463091901569305,0.2581842143561157
2019-04-24,0,1.2398308205120134,-0.5567843627035463,0.06644597821276924,0.6484527887788801,0.6864538775831995
2019-04-25,0,1.836581570006052,-0.46136128406907834,-0.10547638415524474,0.8348902652465809,0.23046020502833964
2019-04-26,0,1.5799676168555101,0.002062748006418036,-0.37590795865502524,0.3743058895199762,0.41988695714384205
2019-04-27,0,1.9427167858392755,-0.39468241121690956,-0.17331369604178637,0.7964564855491717,0.172130229736977
2019-04-28,0,0.6995037110114237,0.7007864207947718,-0.6559171974257557,1.243597726752607,0.19035376945018584
2019-04-29,0,1.806828950250917,-0.27592237108709144,-0.2284364433195537,0.6647788037908414,0.26262752223780916
2019-04-30,0,1.6932539846539114,0.4610828792356634,-0.7180717700856791,-0.010399934761783969,0.38767689937565386
2019-05-01,0,0.8817361147741282,0.7009596711742427,-0.6928857708367477,1.2789034488398627,0.08134531035835715
2019-05-02,0,1.2438251986922009,-0.2621909174099257,-0.12414545275990999,0.5430603157180747,0.6005125746133951
2019-05-03,0,1.5064454815634927,-0.09311853447690716,-0.2948411874218195,0.44434231283938475,0.45649758223500503
2019-05-04,0,1.7536186382600012,-0.46857351166660294,-0.08368473261308274,0.8251380651084529,0.27953459702420413
2019-05-05,0,0.36364670099672225,0.7551561636852819,-0.6258208010570409,1.1300674100128916,0.39549521263831167
2019-05-06,0,1.9444324243809188,0.0024092487653595285,-0.4498451054770092,0.4449173336944876,0.20187003896018474
2019-05-07,0,1.8488937320964676,-0.770205934178277,0.09172977649076655,0.956084060118386,0.3055418328980444
2019-05-08,0,0.002042354257384693,0.9117461662771711,-0.6616142540527017,0.9209471480046398,0.6239600978312387
2019-05-09,0,1.6677660747745937,-0.5495911750874791,0.3991576702945808,0.7035263967016688,-0.36214648873518984
2019-05-10,0,2.3615367276000274,-0.44183992650989506,-0.2252017439526634,0.9197390024270151,-0.08208560544701338
2019-05-11,0,1.898087856206573,-0.11652404174392916,-0.35775378478824993,0.5412892933655622,0.22038120555118124
2019-05-12,0,0.10947077787415659,0.7189500943290301,0.10517457945885736,1.0236755156345405,-0.13121846585634045
2019-05-13,0,1.3325090520103937,0.05889431688925986,-0.36539830393736167,0.275794880188722,0.5723341166360701
2019-05-14,0,1.7796513831332452,-0.2521703630611279,-0.23946099277510718,0.6384432674391752,0.28072698073797564
2019-05-15,0,2.3343093212940738,-0.04993214787840472,0.2847851201534497,0.5219854191378106,-0.7060057640217287
2019-05-16,0,1.177908677288086,0.04924797554375998,-0.04093721683050347,0.03372152565682651,-0.028085696907080154
2019-05-17,0,2.215922687409028,-0.5537342398011302,-0.11793350139507416,0.9905574401489621,-0.0036403717600524133
2019-05-18,0,1.7975572075710007,-0.4922978074482101,0.2104225107561156,0.6341717544748128,-0.44075335071087474
2019-05-19,0,0.23290897068329025,0.5505423939030534,-0.4570725289172971,1.2859415784627084,0.45785678772053773
2019-05-20,0,1.9322795526799352,-0.0858779878685415,0.2684357104301147,0.43176934137705747,-0.4736709073266623
2019-05-21,0,1.4699961717659047,-0.28574196281206227,0.13299321719829635,0.3873997271716901,-0.2287838322135124
2019-05-22,0,2.2765804643640406,-0.027930531111917123,-0.5110161803994452,0.3815553805571947,0.10718572446043627
2019-05-23,0,1.7295869400770085,0.030738408017045138,-0.42610599141268135,0.3780089679852326,0.33259784825221317
2019-05-24,0,1.4923090417572578,0.3325032473808746,-0.30151936229006154,-0.15610132962260487,-0.19423174757649997
2019-05-25,0,1.4388133216177343,-0.1787713015054907,0.06489845794280988,0.2865426746328208,-0.2018404985086779
2019-05-26,0,0.2932704346393837,1.135534792859641,-0.8761507391678803,0.7793102725607459,0.4670696304573172
2019-05-27,0,0.9358965307168152,-0.2764829557528194,0.21943898855088326,0.12039161284391448,0.197838998650251
2019-05-28,0,1.8546037488182983,-0.07852082890238749,-0.37539306391713545,0.49915243520289654,0.2493403391514475
2019-05-29,0,1.7855413584795043,-0.24264184760638602,0.03921188135631623,0.4106072059132025,-0.41422172509687016
2019-05-30,0,2.094881990744951,-0.44456258863482695,0.23974393245716982,0.6935672030161052,-0.6095342486099434
2019-05-31,0,2.0604628985909,-0.0046020162083377225,-0.1819393334321942,0.25316900865830894,-0.5602525173706919
2019-06-01,0,1.0131385408907239,-0.5831437348569559,0.4171085366440108,0.40716144864952314,0.12786867263584706
2019-06-02,0,0.5332924393707145,0.3677385572928691,-0.3906677848150314,1.5063780694141649,0.26398672772334186
2019-06-03,0,0.27354352213580535,-0.022209420863547324,-0.08204100919815435,1.6465012437071234,0.4955471148761379
2019-06-04,0,1.842302491578194,-0.14748827736741726,-0.32493758379053445,0.5578726295791001,0.25135613904687926
2019-06-05,0,1.600733902079337,-0.0811281930298337,-0.03575505494144732,0.23152555872187341,-0.29114540729573857
2019-06-06,0,2.270563229792979,-0.28261484754620353,-0.31755051201036755,0.7609437699144804,-0.015323463041812452
2019-06-07,0,4.15743168548791,7.116408494975325,11.48853575812246,0.4449414736630932,-0.5128159108699218
2019-06-08,0,1.9318457589922067,-0.38518160800652407,-0.17772351582400778,0.7859222710085053,0.1793700131370436
2019-06-09,0,0.1447959336623131,0.8667039762175757,-0.6591518967926461,0.9886375281164332,0.5350668971350082
2019-06-10,0,1.397420633990912,-0.2336028431524278,0.23404687583022385,0.37091662426813793,-0.1759279202288906
2019-06-11,0,1.7976934275934144,-0.02469925698846387,0.8663102190164007,0.5705723322132914,-0.3614267988049513
2019-06-12,0,1.7174547366110213,-0.34257353169490407,0.12248356248063283,0.4859107365029445,-0.3812309917057405
2019-06-13,0,2.2488211760988417,-0.26361324112543266,-0.32637015157481036,0.7398753408331474,-0.0008438962416792706
2019-06-14,0,2.130384703025514,-0.39925956244263133,-0.2080773595616677,0.8370293149067606,0.05950187894511502
2019-06-15,0,2.1129333405104833,-0.14485320099561472,-0.3814928988525777,0.608197659074817,0.0896533962591529
2019-06-16,0,0.29155479609774027,0.7384431328773721,-0.5996193297326574,1.13084942441543,0.43732982123410946
2019-06-17,0,1.4057457791538033,-0.16454780893426874,-0.22479896564416713,0.4880431998071273,0.5112076658263345
2019-06-18,0,1.9515835763460965,0.39475050714243604,-0.7241716050211214,0.0986452891101367,0.22798995648335907
2019-06-19,0,1.5513598193448028,-0.052653495643033676,-0.33206720820175634,0.41722476208518033,0.4327624321393736
2019-06-20,0,1.5745321034319757,0.006813149611610725,-0.37811286854613596,0.369038782249643,0.42350684884387535
2019-06-21,0,1.6177308026716426,-0.3498134715367848,-0.13880747989085007,0.6934603833501226,0.3700318895250363
2019-06-22,0,1.4054603710051956,-0.4831712172411226,-0.003132856117766758,0.7703279427449413,0.4866918401077617
2019-06-23,0,1.1346301930427791,0.639377700686208,-0.7011905156633006,1.3826815654414502,-0.07472174083390415
2019-06-24,0,-0.46552815454105967,0.6973128047699717,-0.13143632139510783,0.7994422398353056,0.19491031846214318
2019-06-25,0,2.7806741537697457,1.852003386337982,2.550967270506601,0.23870568391247227,-0.6637656146459016
2019-06-26,0,1.6314622903047824,-0.20237777139633978,-0.24412825992627352,0.5654857800570487,0.37324007313423946
2019-06-27,0,2.100632083270379,-0.2138206494606445,-0.3310374187259767,0.6669178534510208,0.09166919615458456
2019-06-28,0,1.563946484733515,0.33493736112885003,-0.6041887978547578,0.07621982477116268,0.45526245796251474
2019-06-29,0,1.7498987633781102,-0.06673145007914105,-0.3624210519394162,0.4683318059834357,0.31289429794744505
2019-06-30,0,0.43659801999152414,0.21309062955489944,-0.2635553532374459,1.6246004725691108,0.30985293611000303
2019-07-01,0,0.2028818476298589,0.039545800003957965,-0.11070483778259338,1.5780288491927916,0.5426057069765706
2019-07-02,0,1.6998343203218733,0.21617732099903203,-0.5490660505769904,0.20789750652949296,0.3647651654616826
2019-07-03,0,1.5270427130132023,0.12803501573376053,-0.4528223574749547,0.2523804078997739,0.46130985764880983
2019-07-04,0,1.3825734950666304,-0.22401445418891314,-0.17875330529978747,0.5362291796426646,0.5204632491218327
2019-07-05,0,1.6180162108202505,-0.03119006322993101,-0.36047358941725044,0.41117564041230864,0.3945477152436091
2019-07-06,0,2.132959755662977,-0.5609464673986548,-0.09614184985291213,0.980805240010834,0.045434020235812084
2019-07-07,0,0.5275715177985724,0.053865550591207845,-0.1712065851797417,1.7833957050816456,0.24309079370480235
2019-07-08,0,1.4012276922940081,0.07065406234136229,0.14430316341130064,0.1458882802114369,-0.149234666326162
2019-07-09,0,1.7049844255967999,-0.10719648891301453,-0.32519503115947934,0.4954493567376401,0.3366294480430765
2019-07-10,0,1.5307625878950932,-0.27380704585370136,-0.17408603814862117,0.6091866670247912,0.4279501567255688
2019-07-11,0,1.662645140452953,-0.3093484327029113,-0.17603350067078696,0.6663428325959181,0.34629673942940487
2019-07-12,0,1.7158554524438687,-0.11669729212340002,-0.3207852113772579,0.5059835712783066,0.3293896646430099
2019-07-13,0,1.5865588573737834,-0.6206549088044415,0.04075940162627564,0.772517320059262,0.4740726509950073
2019-07-14,0,0.1873042725802771,0.7645114287605529,-0.31017935351462533,0.8669256263996634,-0.19044503410470548
2019-07-15,0,1.7659198955001054,-0.39960606320157294,-0.1341402127396838,0.7664178707322492,0.2775187971287725
2019-07-16,0,2.0894756482747026,-0.5229432545571131,-0.11378112898179765,0.9386683818481685,0.07439315383607834
2019-07-17,0,1.0358454582048604,-0.16014390808801765,-0.1530667287132939,0.4121646483622828,0.7328444757100251
2019-07-18,0,1.6371941167272361,-0.26631686326890697,-0.21592781878895084,0.46838213363757697,0.47123343491791536
2019-07-19,0,1.900662908844036,-0.27821094669995244,-0.24581827507949439,0.6850652184696356,0.2063133468418782
2019-07-20,0,0.49953453658508085,0.6363961235554639,-0.5706980537792734,1.2617450917712218,0.3049979201374795
2019-07-21,0,0.5441634662177832,0.35823775408248365,-0.38625796503280996,1.5169122839548312,0.25674694432327533
2019-07-22,0,1.2075031481194152,-0.20965854476553591,-0.16844959066029527,0.33456540221906694,0.7326890535019721
2019-07-23,0,1.184319959181931,0.10868690855404806,-0.370065571088528,0.20283739280659535,0.6648472090323341
2019-07-24,0,1.4535205777211848,0.03285373325043528,-0.37175558624174876,0.3224168312191825,0.4979204827399728
2019-07-25,0,1.8523141043294429,0.40178948436048983,-0.7089946831522913,0.07309176716100901,0.28792402357932334
2019-07-26,0,2.116079209445162,0.33070671066206975,-0.712889608196623,0.18740409830326282,0.12461718898699546
2019-07-27,0,1.8094040028883802,-0.43760927604311467,-0.11650093361079822,0.808554728894915,0.24855966352850611
2019-07-28,0,0.4340338722043723,-0.003034564063305767,-0.12782922217358905,1.6607385367130463,0.4010182225844424
2019-07-29,0,1.8494536435433717,0.24485298100965913,-0.5992640833346464,0.21160058499474937,0.2774760565700537
2019-07-30,0,1.3582563887350299,-0.043325942812119045,-0.2995084545729858,0.3713848254572582,0.5490106746312688
2019-07-31,0,0.23748507001100472,1.104570557236153,-0.8433345381701648,0.7958936087742841,0.4980445639530151
2019-08-01,0,1.34452490110189,-0.1907616429525641,-0.19418767453756236,0.4993594287503321,0.5458024910220657
2019-08-02,0,1.2506909425087707,-0.18847306733970315,-0.1768058427776217,0.4790730140715377,0.6021166664179967
2019-08-03,0,1.8560339792113338,-5.257722697210587e-05,-0.43025836382595783,0.42989802628602636,0.2545643226560824
2019-08-04,0,0.9887307447031716,0.2088599790881191,-0.372256163579311,1.735784746101211,-0.02079233286551621
2019-08-05,0,1.6574950351780264,0.014025377209135215,-0.399904520088298,0.3787909823877709,0.37443245684801096
2019-08-06,0,1.2020275588922837,0.256035022941364,-0.06699598977616147,-0.10098398040167156,-0.021095993309119626
2019-08-07,0,0.5275715177985724,0.053865550591207845,-0.1712065851797417,1.7833957050816456,0.24309079370480235
2019-08-08,0,1.5922688740956144,0.0710301964714479,-0.4263634387816263,0.31558569514377244,0.4178711572484104
2019-08-09,0,1.803109075369026,0.12591969050037033,-0.5071727626458872,0.307972544665824,0.2959872231610502
2019-08-10,0,1.8734853417263646,-0.2544589386739888,-0.2568428245350478,0.6587296821179697,0.22441280534204455
2019-08-11,0,0.4760768443493001,0.25830606999396566,-0.30298628390849347,1.592215814544573,0.28973767771440495
2019-08-12,0,1.992492631096908,0.5184341992569175,-0.8184678356009913,-0.0029937778312711383,0.21309868159239587
2019-08-13,0,1.7190013213785476,0.35886261953428444,-0.6521819207213031,0.08519001050675229,0.36435345737085256
2019-08-14,0,1.6961144454399826,0.6180193825864939,-0.827802369903324,-0.14890875259552433,0.3981248663849236
2019-08-15,0,1.356053125080306,1.2727386915160315,0.54378904801381,-0.4896933117836891,0.024901293890186277
2019-08-16,0,1.3382008026292502,0.4558983911183998,-0.23353935202479448,-0.25159104158115525,-0.08707746009137884
2019-08-17,0,1.4815612668288225,1.4261762936636455,1.8834000522349734,-0.0751490680100213,0.02647186582276398
2019-08-18,0,0.27925353885763604,0.6694756844123422,-0.5491638496060564,1.1895696187916338,0.4393456211295411
2019-08-19,0,0.669465683107681,0.567601925469905,-0.5572111470636644,1.3557710082346812,0.19800526094108256
2019-08-20,0,1.246685659478272,-0.10525441405909519,-0.2338760525775548,0.40455149788433437,0.6109605416226649
2019-08-21,0,1.449515294690686,0.11607238653104338,-0.4288257960416819,0.24789531503197904,0.5067643579446409
2019-08-22,0,1.390869469276236,-0.07182835244327535,-0.2862789952263216,0.4029874690792575,0.5272913244310692
2019-08-23,0,1.5690965900084415,0.01156355121680347,-0.3803177784372467,0.36377167497930984,0.42712674054390865
2019-08-24,0,1.593413696340042,-0.16912496015999073,-0.2595626291640484,0.5286160291647162,0.3985793150344724
2019-08-25,0,0.15539245721108536,0.16076766612610777,-0.185414326711412,1.4613704748429224,0.5804087157815051
2019-08-26,0,1.7842274824609596,0.3018578002719718,-0.6257230020279748,0.14839529775075083,0.32091475697045313
2019-08-27,0,1.7001197284704814,0.5348007293058861,-0.7707321601033909,-0.07438723640832096,0.3892809911802554
2019-08-28,1,1.0797049561279621,-0.19544238220285554,-0.1540207393057844,-0.2196374858876548,-0.7246793306763714
2019-08-29,1,0.8851712951251536,-0.2645830810473561,-0.06659668576819139,-0.1962230135987068,-0.6136550716891108
2019-08-30,1,0.7774065198687673,0.715453788724193,-0.6985070485804045,0.5741438272077987,-1.2836654036317752
2019-08-31,1,0.5796486260131142,-0.1362175330993537,-0.1092108085153558,-0.5242973655103016,-0.3145518665081727
2019-09-01,1,-0.8314913589970901,0.2291117754281558,-0.050033487853377995,0.5371633702093759,-0.25243517774501545
2019-09-02,1,0.7890476920431789,0.21801580782838204,-0.38281647324340673,-0.6425700963193888,-0.518757211865304
2019-09-03,1,1.4049763474442027,0.07831208642387372,-0.410193064983121,-0.39892612662641963,-0.8980651647458576
2019-09-04,1,0.9629841215962779,0.06600295646221493,-0.31225935672786453,-0.47402266366872586,-0.6345937462663692
2019-09-05,1,0.6500139875201414,-0.13878406369948448,-0.10654251117712879,-0.3534542173061647,-0.4632237120923145
2019-09-06,1,1.3071371058205847,0.16381931531734267,-0.4498814430231135,-0.49373405749241756,-0.8329071141452585
2019-09-07,1,1.1655283486600838,-0.03129365125450051,-0.2855429906655912,-0.3483941035832671,-0.763305755662966
2019-09-08,1,-0.09713713537304969,0.6028664739150746,-0.44336451237884744,0.503739376580723,-0.7691863335774998
2019-09-09,1,1.0419417703118297,0.15643383734034738,-0.3911212180699596,-0.5387919797178011,-0.6748242630575653
2019-09-10,1,0.9987430710721628,0.513060458488743,-0.6304266067252455,-0.863213580818281,-0.6213493037387262
2019-09-11,1,0.7753162044100391,0.07058010768793682,-0.2774956932079833,-0.5145954930263148,-0.5219653954745073
2019-09-12,1,0.4240120682205545,-0.41957750954426726,0.13445289263137797,-0.14861205461827215,-0.3497719451187923
2019-09-13,1,0.6256968811885408,0.04190444767730969,-0.22729766045032704,-0.5182985714915711,-0.43467628658287827
2019-09-14,1,1.1618084737781929,0.37054841033296143,-0.5642793099919248,-0.7052003627082846,-0.7299460547397248
2019-09-15,1,-0.6535496464134924,-0.0061197292186193075,0.07759383846209725,0.7802323190472422,-0.3771155873507488
2019-09-16,1,1.4049763474442027,0.07831208642387372,-0.410193064983121,-0.39892612662641963,-0.8980651647458576
2019-09-17,1,0.5699115165601618,0.010940212053821619,-0.1944814594526116,-0.5017152352780332,-0.40370135308718036
2019-09-18,1,0.8419725958854867,0.09204354010103949,-0.3059020744234773,-0.5206446146991863,-0.5601801123702718
2019-09-19,1,0.40398565306806045,-0.0034842431412273056,-0.15089815636828757,-0.5212196355542891,-0.3055525690954515
2019-09-20,1,0.6663205277907445,-0.15303526851506266,-0.09992778150379672,-0.33765289549516514,-0.4740833871924143
2019-09-21,1,0.5578956674686655,0.26059617189564566,-0.365692088852411,-0.7252797838396434,-0.3771697274731758
2019-09-22,1,-0.003303176779930417,0.6005778983022136,-0.460746344138788,0.5240257912595174,-0.8255005089734307
2019-09-23,1,0.9755707869849899,0.4535938132340987,-0.5843809463808659,-0.8150276009827435,-0.6120937204432281
2019-09-24,1,-0.24903519823309203,0.6766890285930963,-0.47910645808373487,0.25388961932158793,-0.5662161124928586
2019-09-25,1,0.5141261519317829,-0.020024023569666483,-0.16166525845489613,-0.485131899064495,-0.3727264195914822
2019-09-26,1,0.3670818813477478,-0.21038658853631687,0.00046828401151549626,-0.34505905242567786,-0.2995051694091564
2019-09-27,1,0.801348949283283,0.2869832562934118,-0.4332719533700077,-0.7012902906955925,-0.5207730117607358
2019-09-28,1,0.04189656914998781,0.9596663454429413,-0.7196384744451253,0.21462349756749904,-0.8247198333504894
2019-09-29,1,-0.344881108366774,0.3410746344910627,-0.21118874813478344,0.6875131101872827,-0.6412549998038445
2019-09-30,1,0.8514133923395198,0.004074485215238788,-0.24662695473243354,-0.4408559912416498,-0.5726438792749732
2019-10-01,1,0.9478224035701025,-0.1599009953536455,-0.1520732767836186,-0.2767936514587817,-0.6430259133802073
2019-10-02,1,1.0038931763470893,0.18968664857669643,-0.40655558730773445,-0.5756617306101337,-0.6494850211573323
2019-10-03,1,0.6611704225158179,0.17033854139698396,-0.32379880092130775,-0.6252047457033123,-0.4459476697738082
2019-10-04,1,1.1329152681188779,-0.002791241623344154,-0.2987724500122554,-0.3799967472052665,-0.741586405462766
2019-10-05,1,1.6092362130496525,0.3781071386894275,-0.6600081083560707,-0.6248367183956451,-0.9970373649192467
2019-10-06,1,-0.37177326733583793,0.6834500508238801,-0.44387940711673723,0.3788928308978026,-0.5986397155851052
2019-10-07,1,0.539873488656419,-0.1222442832710453,-0.09577540909052024,-0.38954195379595874,-0.39604986159628364
2019-10-08,1,0.6831978843585632,0.46996034328306696,-0.5366452708832654,-0.8864210595597934,-0.43591141085536855
2019-10-09,1,0.5699115165601618,0.010940212053821619,-0.1944814594526116,-0.5017152352780332,-0.40370135308718036
2019-10-10,1,0.7452781765062962,-0.06260438763693016,-0.1787896428458918,-0.40242221154424046,-0.5143139039836105
2019-10-11,1,0.6379981384286451,0.11087189614233961,-0.2777531405769281,-0.577018765867775,-0.43669208647831004
2019-10-12,1,1.0920062133680664,-0.1264749337378257,-0.2044762194323854,-0.2783576802638586,-0.7266951305718029
2019-10-13,1,0.011287724949029257,0.18923503350436638,-0.1776002050302332,0.8913662649252012,-0.8660999932967385
2019-10-14,1,-0.0061636375660014675,0.4436413949513831,-0.35101574432114324,0.6625346090932578,-0.8359484759827006
2019-10-15,1,0.9492526339631381,-0.08143274367823022,-0.206938576692441,-0.3460480603756519,-0.6378019298755723
2019-10-16,1,0.8840264728807259,-0.024427924415917568,-0.23339749538576934,-0.40925334761965043,-0.594363229475173
2019-10-17,1,0.5344379752328847,-0.11749388166585262,-0.09798031898163093,-0.39480906106629193,-0.39242996989625034
2019-10-18,1,0.27991433754107103,0.9908038314459,-0.7894232488538327,0.2333458834412166,-0.964703225938016
2019-10-19,1,0.44746976045633524,-0.04148745598276904,-0.13325887723940202,-0.47908277739162347,-0.3345117026957177
2019-10-20,1,-0.34059041718766747,0.5764793895173086,-0.37578464786125065,0.47974988343667213,-0.6255830492899398
2019-10-21,1,0.837967312854988,0.1752621933816475,-0.36297228422341044,-0.5951661308863898,-0.5513362371656035
2019-10-22,1,0.4423196551814088,0.2818863539292775,-0.3571298966569131,-0.7666346275997706,-0.30637598527711163
2019-10-23,1,-0.06803369583329594,-0.5267899670019816,0.29340324302167264,-0.304228901866512,0.042667768640069964
2019-10-24,1,0.4231526541247346,0.1392010553940251,-0.2540140265126003,-0.6439271315770299,-0.3059642771862815
2019-10-25,1,0.670611218969851,0.08236948651118325,-0.26452368123026393,-0.5454161222457756,-0.4584114366785096
2019-10-26,1,0.278979749177082,-0.2720371047960231,0.04605055690877888,-0.4624491135239441,-0.1451976322295495
2019-10-27,1,-0.407246808663115,0.5550159571042059,-0.3473782666457566,0.48579900510954377,-0.5873683323941753
2019-10-28,1,0.337043853444005,-0.3435710838611838,0.09917433437360687,-0.23288577094360358,-0.2918536779182598
2019-10-29,1,0.7713109213795403,0.15379876096854483,-0.33456590300791633,-0.5891170092135181,-0.513121520269839
2019-10-30,1,0.5318629225954215,0.04419302329017066,-0.20991582869038644,-0.5385849861703655,-0.3783621111869473
2019-10-31,1,0.8897473944528681,0.2894450822857436,-0.452858695021059,-0.6862709832871312,-0.5734672954566334
2019-11-01,1,1.1226150575690248,0.6439563782007491,-0.7465144888472776,-0.9551004476215608,-0.685314970625554
2019-11-02,1,0.4852329462724678,-0.3933636755259719,0.10384160152477315,-0.15992828356147698,-0.3843667703145236
2019-11-03,1,-0.36233247088180476,0.5954809959380793,-0.38460428742569347,0.45868145435533925,-0.6111034824898067
2019-11-04,1,-0.3185629553449222,0.8761011914033916,-0.5886311178232082,0.21853356958019104,-0.6155467903715002
2019-11-05,1,0.765875407956006,0.15854916257373758,-0.336770812899027,-0.5943841164838513,-0.5095016285698057
2019-11-06,1,0.5195616653553172,-0.02477442517485917,-0.15946034856378544,-0.4798647917941618,-0.37634631129151563
2019-11-07,1,0.7604398945324716,0.16329956417893027,-0.33897572279013766,-0.5996512237541847,-0.5058817368697724
2019-11-08,1,0.7495688676854029,0.1728003673893157,-0.3433855425723591,-0.6101854382948511,-0.49864195346970586
2019-11-09,1,0.4706420445435081,0.017979189271875362,-0.17930453758378168,-0.5272687572271608,-0.3437672859912161
2019-11-10,1,-0.6956035234087315,0.11035173529833775,0.005089259424389342,0.6688410519677064,-0.3429324702458476
2019-11-11,1,-0.5937699036049261,0.3194379516984892,-0.1458137935082974,0.6582565097728986,-0.4940318238162512
2019-11-12,1,0.7507136899298306,-0.0673547892421229,-0.1765847329547811,-0.39715510427390716,-0.5179337956836437
2019-11-13,1,0.8625698273351964,0.31319709031170717,-0.46388324447661244,-0.7126065196387974,-0.555367836956467
2019-11-14,1,0.6977887860875228,0.05861747848521964,-0.2534991317747105,-0.5190805858941097,-0.4765108951786762
2019-11-15,1,1.0064682289845526,0.0279997436206732,-0.2946200775989789,-0.4318858055060601,-0.6635528798666354
2019-11-16,1,0.6528744483062124,0.018152439651346053,-0.2162731109947736,-0.4919630351399051,-0.45277574508304463
2019-11-17,1,-0.34888639139727284,0.42429328777167064,-0.26825895793471655,0.6129915940000792,-0.6324111245991764
2019-11-18,1,0.9398118375091049,0.006536311207570478,-0.2662136963834848,-0.42583668383318857,-0.6253381629708709
2019-11-19,1,0.5973744918264414,0.30581161233471194,-0.4051230195234585,-0.7576644418641809,-0.3972849858687739
2019-11-20,1,1.134916314809129,0.7129238266657789,-0.7969699689738786,-1.0138206419977644,-0.6873307705209856
2019-11-21,1,-0.5960595480937815,0.7997482649613665,-0.47941541274345323,0.2321958417310111,-0.45544813938837536
2019-11-22,1,0.5390140745605992,0.4365342816672472,-0.48424232823449853,-0.8848570307547166,-0.35224219366377285
2019-11-23,1,0.6082564235238215,-0.08150128944990193,-0.15305155896862477,-0.5672162380755057,-0.3274273415037041
2019-11-24,1,-0.42755863196421684,0.6524858152003921,-0.4110632061190218,0.39547616711134065,-0.5676647820894073
2019-11-25,1,0.13945040262499803,0.5555357082426182,-0.4582839868787324,0.5917161713713108,-0.9143937096696614
2019-11-26,1,0.8488383397020567,0.16576139017126207,-0.358562464441189,-0.5846319163457234,-0.5585760205656701
2019-11-27,1,0.628271933826004,-0.11978245727871362,-0.11536215074157155,-0.3745226463874975,-0.4487441452921813
2019-11-28,1,0.8554186753700187,-0.07914416806536928,-0.18955674493250035,-0.36633447505444633,-0.5814877544796414
2019-11-29,1,0.7358373800522632,0.025364667248870654,-0.23806476253693562,-0.482210835001777,-0.5018501370789091
2019-11-30,1,0.44603953006329966,-0.11995570765818442,-0.07839357733057961,-0.4098283684747532,-0.33973568620035266
2019-12-01,1,-0.04278200113770636,0.5553624578631475,-0.4213154134677405,0.5564104492840551,-0.8053852505778326
2019-12-02,1,0.864000057728232,0.3916653419871224,-0.5187485443854348,-0.7818609285556675,-0.550143853451832
2019-12-03,1,1.1537979077171954,0.5369857168941774,-0.6784197295917909,-0.8542433950826913,-0.7122583043303884
2019-12-04,1,-0.46160194289845846,0.602519973156133,-0.3694273655568635,0.4331279324062116,-0.5511694153938425
2019-12-05,1,0.906339342872079,0.5938172857770192,-0.6679100748741273,-0.9527544044139455,-0.5598111448381605
2019-12-06,1,0.4652065311199738,0.02272959087706805,-0.18150944747489237,-0.532535864497494,-0.3401473942911827
2019-12-07,1,-1.091251181082311,0.21697589584596783,0.010931646990886695,0.49737255525432544,-0.0979722183573557
2019-12-08,1,-0.29165989152554694,0.15591367649634563,-0.10827881806864209,0.70706783811768,-0.5810646468251031
2019-12-09,1,0.021794979729324607,-0.4458598893342344,0.218951201461799,-0.35846400337492107,-0.00480253155119284
2019-12-10,1,0.5372984360189558,0.039442621684977947,-0.20771091879927575,-0.5333178789000323,-0.3819820028869806
2019-12-11,1,0.8499831619464844,-0.07439376646017654,-0.19176165482361107,-0.3716015823247795,-0.5778678627796081
2019-12-12,1,0.5930838006473348,0.07040685730846602,-0.24052711979699123,-0.5499012151135705,-0.4129569363826785
2019-12-13,1,0.6568797313367113,-0.0650662136292619,-0.15920290119484048,-0.4174415189527016,-0.46161962028771286
2019-12-14,1,0.7438479461132607,-0.14107263931234543,-0.12392434293706941,-0.3331678026273703,-0.5195378874882454
2019-12-15,1,-0.4996505368631988,0.6357727843924821,-0.38486173479463837,0.3962581815138791,-0.5258301734936094
2019-12-16,1,0.8027791796763186,0.36545150796882714,-0.4881372532788302,-0.7705446996124627,-0.5155490282561008
2019-12-17,1,0.7756016125586469,0.3892035159947907,-0.4991618027343836,-0.7968802359641287,-0.49744956975593435
2019-12-18,1,0.8419725958854867,0.09204354010103949,-0.3059020744234773,-0.5206446146991863,-0.5601801123702718
2019-12-19,1,0.8039240019207463,0.12529635133738853,-0.32133644366125214,-0.5575143655915189,-0.5348408704700388
2019-12-20,1,0.8854567032737615,0.0540403272594977,-0.28826279529459176,-0.4785077565365206,-0.5891392459705381
2019-12-21,1,0.7289716362356933,-0.048353182821352036,-0.18540437251922387,-0.41822353335524004,-0.5034542288835107
2019-12-22,1,-0.37034303694280235,0.7619183024992955,-0.4987447070255596,0.3096384219809325,-0.5934157320804704
2019-12-23,1,1.1967111988082546,-0.13826431256107208,-0.21744823141010464,-0.24753705104439766,-0.7902490893678006
2019-12-24,1,0.48837881520714665,0.0821962361317124,-0.227555107819272,-0.5807218443330313,-0.34940297758668104
2019-12-25,1,-0.229008783080598,0.26059576219005626,-0.19375540908406927,0.626497200257605,-0.6104354885161994
2019-12-26,1,0.523566948385816,-0.10799307845546713,-0.10239013876385233,-0.40534327560695843,-0.38519018649618375
2019-12-27,1,1.195566376563827,0.10189084407036647,-0.38424904102768254,-0.4605673850653414,-0.7709572471538625
2019-12-28,1,0.9206448364524308,-0.13614898732768188,-0.16309782623917204,-0.3031291878104478,-0.6249264548800407
2019-12-29,1,-0.83835710281366,0.15539392535793323,0.0026269021643337276,0.601150671855913,-0.2540392695496171
2019-12-30,1,0.3942594484654195,-0.23413859656228037,0.011492833467068975,-0.3187235160740118,-0.31760462790932287
2019-12-31,1,-0.3148430804630312,0.47425912981592966,-0.3098947984968748,0.5753398287052083,-0.6489064912947411
2020-01-01,1,-0.302541823222927,0.5432265782809595,-0.3603502786234758,0.5166196343290046,-0.6509222911901729
2020-01-02,1,0.2580971095787645,-0.8118140633135447,0.4256978364883143,0.011797534353480799,-0.17452573336192723
2020-01-03,1,0.45405009612429725,-0.2863930142194004,0.035746842269286566,-0.26078533610034643,-0.357423436609689
2020-01-04,1,0.6797666072752764,-0.3242229766814712,0.016417547987180175,-0.1833427558504251,-0.4953910293017839
2020-01-05,1,-0.08798174706762446,0.19627401072242,-0.16242328316140325,0.8658127429760736,-0.8061659262007742
2020-01-06,1,-0.055083258377810584,0.48639500939811764,-0.3708599333411394,0.6151306436602588,-0.8033694506824011
2020-01-07,1,0.684057298454383,-0.08881822165522552,-0.14817835173928703,-0.39110598260103563,-0.4797190787878792
2020-01-08,1,0.44603953006329966,-0.11995570765818442,-0.07839357733057961,-0.4098283684747532,-0.33973568620035266
2020-01-09,1,0.5927983924987269,-0.24821655099838774,-0.018861010270590894,-0.2676164721757565,-0.4374727621012514
2020-01-10,1,0.6065298801318667,-0.1007808508579427,-0.12418179030601434,-0.3955910754688304,-0.43426457849204814
2020-01-11,1,0.9057685265748633,-0.043429530836688435,-0.22457785582132656,-0.38818491853831766,-0.6088427962753061
2020-01-12,1,-0.2373156621405149,0.48622175901864684,-0.3338913599301475,0.5798249215730031,-0.6943609915905723
2020-01-13,1,0.6039548274944034,0.060906054098080586,-0.23611730001476985,-0.5393670005729039,-0.4201967197827451
2020-01-14,1,0.5358682056259202,-0.03902562999043735,-0.15284561889045334,-0.4640634699831622,-0.3872059863916154
2020-01-15,1,0.6108205713109733,0.13462390416830317,-0.28877769003248155,-0.603354302219441,-0.41859262797814356
2020-01-16,1,0.4569105569103683,-0.1294565108685698,-0.07398375754835823,-0.3992941539340868,-0.34697546960041914
2020-01-17,1,0.837967312854988,0.1752621933816475,-0.36297228422341044,-0.5951661308863898,-0.5513362371656035
2020-01-18,1,0.20002210046153018,-0.36246798567415567,0.12491241825087393,-0.39767979747486876,-0.10496711543835335
2020-01-19,1,-0.3434508779737385,0.41954288616647795,-0.2660540480436059,0.6182587012704124,-0.6360310162992096
2020-01-20,1,0.7384124326897263,-0.13632223770715268,-0.1261292528281801,-0.3384349098977035,-0.5159179957882122
2020-01-21,1,0.628271933826004,-0.11978245727871362,-0.11536215074157155,-0.3745226463874975,-0.4487441452921813
2020-01-22,1,0.8230910029774204,0.2679816498726409,-0.4244523138055649,-0.6802218616142597,-0.5352525785608688
2020-01-23,1,0.28554917999473267,-0.13913056445842603,-0.03260536435514491,-0.4240656614806761,-0.24520679390865707
2020-01-24,1,0.6228364204024697,-0.11503205567352087,-0.11756706063268227,-0.3797897536578308,-0.445124253592148
2020-01-25,1,0.6294167560704317,-0.35993761391015217,0.05143865887600638,-0.16149231236655387,-0.4680359875061192
2020-01-26,1,-0.37720878075937225,0.6882004524290728,-0.44608431700784795,0.37362572362746943,-0.5950198238850719
2020-01-27,1,0.7126650959650902,-0.03410197800577386,-0.19201910219255597,-0.43402485516623973,-0.49259455378341077
2020-01-28,1,1.0233455855523712,0.6509953554188026,-0.7313375669784477,-0.9806539695706884,-0.6253809035295897
2020-01-29,1,1.2991265397595873,0.3302566218785587,-0.5640218626229798,-0.6427770898668244,-0.8152193637359221
2020-01-30,1,0.03266600657639325,-0.4553606925446198,0.22336102124402044,-0.34792978883425457,-0.01204231495125943
2020-01-31,1,0.8891765781556524,-0.3478017343279642,-0.009526475968258258,-0.12170149741150332,-0.622498946893779
2020-02-01,1,1.1246192939092725,-0.15497734336898206,-0.19124676008572122,-0.24675503664185933,-0.7484144807720027
2020-02-02,1,-0.46045712065403077,0.3623648165246945,-0.2026265559392856,0.6461582664271553,-0.5704612576077803
2020-02-03,1,1.0771299034904989,-0.033755477246832144,-0.26595624901453996,-0.36341341099172836,-0.7106114719670683
2020-02-04,1,0.9984576629235549,0.19443705018188917,-0.4087604971988451,-0.5809288378804669,-0.6458651294572991
2020-02-05,1,0.611965393555401,-0.10553125246313544,-0.12197688041490365,-0.3903239681984973,-0.43788447019208143
2020-02-06,1,0.6854875288474185,-0.010349969979810192,-0.20304365164810942,-0.4603603915179058,-0.4744950952832444
2020-02-07,1,0.4663513533644015,-0.2174255657543705,-0.014708637857314438,-0.3195055304765502,-0.35943923650512066
2020-02-08,1,0.772455743623968,-0.08635639566289377,-0.16776509339033832,-0.3760866751925744,-0.5324133624837769
2020-02-09,1,-0.5826134686092495,0.6285605567949577,-0.36307008325247636,0.3865059813757511,-0.476755781497745
2020-02-10,1,1.2161636080135365,0.3230443942810342,-0.5422302110808178,-0.6525292900049524,-0.7661449717400576
2020-02-11,1,0.8828816506362982,0.21572723221552098,-0.4001983050033473,-0.6222836816405943,-0.5750713872612351
2020-02-12,1,0.8431174181299145,-0.14811161653039917,-0.13910126480589932,-0.30761428067824265,-0.5794719545842096
2020-02-13,1,1.531708794727136,0.36614450948671035,-0.6360115469227979,-0.62932181126344,-0.9515828646234156
2020-02-14,1,1.070264159673929,-0.10747332731705483,-0.21329585899682815,-0.29942610934519137,-0.7122155637716697
2020-02-15,1,1.1100283921803127,0.2563655214288653,-0.4743928991942761,-0.614095510307543,-0.7078149964486952
2020-02-16,1,-0.5105215637102676,0.6452735876028676,-0.3892715545768598,0.38572396697321265,-0.5185903900935429
2020-02-17,1,0.579352313014195,-0.07702884283197908,-0.1352063397615678,-0.42192661182049646,-0.41616511999188177
2020-02-18,1,0.8253806474662758,-0.21232866339023626,-0.09085069457040904,-0.25416119357237216,-0.5738362629887447
2020-02-19,1,1.1085981617872773,0.17789726975345,-0.4195275992854536,-0.5448411013906729,-0.7130389799533298
2020-02-20,1,1.1369205511493767,-0.08600989490395211,-0.2417022402123223,-0.305475231018063,-0.7504302806674344
2020-02-21,1,0.9967420243819114,-0.20265460980037997,-0.13222908776362235,-0.22938968602578286,-0.6756049386805069
2020-02-22,1,0.0212993377002781,0.7385127952322734,-0.5616573043919901,0.4065854025071099,-0.8295321087642943
2020-02-23,1,-0.5213816857070248,0.27696229223902463,-0.14601973358646878,0.5551037416805551,-0.4342531789283399
2020-02-24,1,-0.7282166039499377,0.1388541449294941,-0.008140199922274799,0.637238408345707,-0.32121312004564784
2020-02-25,1,-0.46302126844118263,0.14623962290648934,-0.06690042487542877,0.6822963305710907,-0.479295971133341
2020-02-26,1,0.9235052972385018,0.020787516023148656,-0.2728284260568169,-0.44163800564418815,-0.6144784878707711
2020-02-27,1,0.759009664139436,0.084831312503515,-0.28411042288131527,-0.5303968148373144,-0.5111057203744073
2020-02-28,1,0.9835813530459874,0.28715650667288256,-0.4702405267809996,-0.6659845686083368,-0.6297814708525643
2020-02-29,1,0.6786217850308486,-0.08406782005003277,-0.15038326163039772,-0.3963730898713688,-0.47609918708784604
2020-03-01,1,-0.5376991308279393,0.6690255956288311,-0.4002961040324132,0.35938843062154663,-0.5004909315933764
2020-03-02,1,0.7409874853271896,-0.29800914266317585,-0.01419374311942459,-0.19465898479362992,-0.5299858544975152
2020-03-03,1,0.8471227011604132,-0.23133026981100707,-0.08203105500596625,-0.23309276449103916,-0.5883158297888779
2020-03-04,1,-0.5399887753167947,1.1493359088917083,-0.7338977232675693,-0.0666722374203409,-0.46190724716550047
2020-03-05,1,-0.34144983128348727,1.135257954455601,-0.7642515670052291,-0.01556519352208563,-0.5817753813574291
2020-03-06,1,-0.25591184689997337,0.9807832770971021,-0.6741077088386355,0.13796293172011603,-0.6449176320625966
2020-03-07,1,-0.07797013431637567,0.7455517724503271,-0.5464803825231601,0.38103188055798226,-0.7695980416683299
2020-03-08,1,-0.31999318573795776,0.7976329397279762,-0.5337658179143858,0.2877879784970613,-0.620770773876135
2020-03-09,1,-0.33372467337109757,0.6501972395875311,-0.4284450378789624,0.41576258179013514,-0.6239789574853383
2020-03-10,1,0.4583407873034039,-0.05098825919315453,-0.12884905745718064,-0.468548562850957,-0.3417514860957843
2020-03-11,1,0.8840264728807259,-0.024427924415917568,-0.23339749538576934,-0.40925334761965043,-0.594363229475173
2020-03-12,1,0.8991881909069012,0.2014760273999428,-0.3935835753300152,-0.6064823598295945,-0.5859310623613349
2020-03-13,1,1.0662588766434302,-0.02425467403644671,-0.2703660687967613,-0.37394762553239486,-0.7033716885670015
2020-03-14,1,1.20500717301786,0.01392178918456577,-0.3249739213366388,-0.3807787616078048,-0.7834210140585639
2020-03-15,1,-0.18410535014959914,0.6788728995981581,-0.4786430706366185,0.41946566025539156,-0.7112680663769672
2020-03-16,1,0.7641597694143625,-0.23854249740853145,-0.06023940346380424,-0.24284496462916721,-0.5392414377930134
2020-03-17,1,0.47036754124521174,-0.6784563176092071,0.2900232127152309,-0.0650700250413378,-0.2911856839446526
2020-03-18,1,0.11419870792940841,-0.5266167166225106,0.25643466961068084,-0.26892317977925634,-0.06634069045175872
2020-03-19,1,-0.5213816857070248,0.27696229223902463,-0.14601973358646878,0.5551037416805551,-0.4342531789283399
2020-03-20,1,-0.3589763680666873,-0.43195518527759774,0.28627361861045075,-0.444876769360432,0.2240740617325644
2020-03-21,1,-1.0406268265791698,0.9491260399557311,-0.49341721419695217,0.013323379584631367,-0.1779088621995838
2020-03-22,1,-1.2749138152380508,0.1383343937910817,0.10276552031070099,0.5313212420839399,0.005812257229838108
2020-03-23,1,-1.4202424472804422,0.34506348880670046,-0.01163234665811011,0.3198549368680731,0.1087733166353717
2020-03-24,1,-1.3098165402681123,0.6471471166851153,-0.244065558271119,0.0736579304200532,0.06611529185791373
2020-03-25,1,-1.5871537454232467,0.22264021626495867,0.1079249979436824,0.3864637925433457,0.2362956199766023
2020-03-26,1,-1.3347044628969285,0.1905888114482016,0.07851151150848337,0.4733830621102747,0.045631065930204245
2020-03-28,1,-0.9662452771913322,0.4855287575007637,-0.18601706628617973,0.4386020332239805,-0.25832715522325755
2020-03-29,1,-1.3633122604076358,0.13587256779874995,0.12235226196175233,0.5163019346754787,0.05850654092573579
2020-03-30,1,-1.2014025847963448,0.6113277748486354,-0.22596289169511716,0.2813708295165225,-0.10789579562646112
2020-03-31,1,-1.2285801519140163,0.635079782874599,-0.23698744115067064,0.2550352931648564,-0.08979633712629476
2020-04-01,1,-1.1550471117716874,0.35244896678369575,-0.07039257161126408,0.3649128590934567,-0.049309534452321335
2020-04-02,1,-1.3292689494733942,0.18583840984300887,0.08071642139959415,0.4786501693806079,0.04201117423017095
2020-04-03,1,-1.089820950689275,0.2954441475213831,-0.04393365291793569,0.42811814633745526,-0.09274823485272077
2020-04-04,1,-1.2694783018145162,0.13358399218588896,0.10497043020181177,0.5365883493542731,0.002192365529804813
2020-04-05,1,-1.3292689494733942,0.18583840984300887,0.08071642139959415,0.4786501693806079,0.04201117423017095
2020-04-06,1,-1.3817490575733695,0.2822801118990738,0.024910764188310758,0.37358353479506407,0.11803157758927528
2020-04-07,1,-1.225719691127945,0.7920162862254296,-0.3467180409683155,0.11652647533111604,-0.07934837011702489
2020-04-08,1,-1.0695200322384848,0.5757863879994254,-0.22791035421728292,0.3385269950876494,-0.18954921292262505
2020-04-10,1,-1.1742250176786728,0.5875757668226718,-0.2149383422395637,0.30770636586818856,-0.1259952541266276
2020-04-11,1,-1.2423007346968447,0.10983198415992534,0.11599497965736519,0.5629238857059392,-0.015907092970361664
2020-04-12,1,-1.1948113442780712,-0.01138988196222429,0.19070446858618387,0.6795822600558084,-0.053710101775296004
2020-04-13,1,-1.1046972605668428,0.38816360401237654,-0.10541368250009028,0.3430624156095855,-0.07666457624798606
2020-04-14,1,-0.9402125323180884,0.7019319061062386,-0.3417933264482042,0.2519072355547028,-0.25713477150948605
2020-04-15,1,-1.2992309215696511,0.31902290516787585,-0.017989628962497256,0.3664768878985336,0.03435968273927434
2020-04-16,1,-0.8695508578121418,0.6401766852387333,-0.3131294978637652,0.3203796300690346,-0.3041933636099188
2020-04-17,1,-0.9553742503442638,0.47602795429037825,-0.18160724650395835,0.4491362477646469,-0.26556693862332414
2020-04-18,1,-0.899588885715885,0.5069921899138663,-0.21442344750167383,0.43255291155110887,-0.29654187211902205
2020-04-19,1,-1.1702088297978628,0.12654501496783532,0.08979350833298175,0.5621418713034008,-0.05774170156615943
2020-04-20,1,-0.7116355603810381,0.8210384469949983,-0.4708532205479554,0.19084099797088377,-0.3846543971923112
2020-04-21,1,-0.9891321531298977,0.7446855205529732,-0.36163751546820044,0.20450327012170383,-0.2245557462091864
2020-04-22,1,-1.405366137402875,0.25234403231570696,0.04984768292404443,0.40491066759594285,0.09268965803063699
2020-04-23,1,-0.9442178153485873,0.7851505593868466,-0.3988635362481373,0.1773857193674993,-0.24829089630481782
2020-04-24,1,-0.7948839002756968,0.49520281109061987,-0.22739545947939308,0.4633735407705697,-0.3600958309150196
2020-04-25,1,-1.0260359248502102,0.5377831751578837,-0.21027107508839735,0.3806638532503151,-0.21850834652289142
2020-04-26,1,-1.1796496262518958,0.21451406985363602,0.030518388641937927,0.4823532478458642,-0.04527793466145791
2020-04-27,1,-1.0666595714524136,0.7327228913502559,-0.3376409540349277,0.20001817725390897,-0.1791012459133553
2020-04-28,1,-1.4949094048168876,0.49003736295481387,-0.09736638504248227,0.17686102616653782,0.16467578394047266
2020-04-29,1,-0.9754006654967576,0.8921212206934184,-0.4669582955036239,0.07652866682862991,-0.22134756259998323
2020-04-30,1,-1.3358492851413561,0.4307439680796402,-0.0882892981090945,0.26035272808933085,0.06492290814414223
2020-05-01,1,-1.5618402995906318,-0.22786157633937115,0.40036774647202444,0.6451088800252324,0.25547210288280064
2020-05-02,1,-1.4866134306072822,0.6422234647004518,-0.20489207496901635,0.043619315603130704,0.17150385924970912
2020-05-04,1,-1.3419564284490701,1.2822417514538047,-0.6644581159247643,-0.31275186462407284,0.02984001212026119
2020-05-05,1,-1.5518504965400057,1.0770403825369927,-0.479012634434957,-0.19949996088887673,0.13784513188497216
2020-05-06,1,-1.7118458445477018,0.9088335537258274,-0.34506423822127885,-0.20871642682090857,0.3285742497690881
2020-05-07,1,-1.589899090504746,1.1102931937733418,-0.49444700367273187,-0.2363697117812093,0.16318437378520523
2020-05-08,1,-1.544489750662565,1.0017262605962916,-0.44351284121442525,-0.25846643546152276,0.23564944928199413
2020-05-09,1,-1.59113063183583,0.9419816603543774,-0.377417051771878,-0.05972372210064297,0.15254736238928154
2020-05-10,1,-1.6863839159716734,0.4879898857175946,-0.05750827933050251,0.16915826138544166,0.280734982045714
2020-05-11,1,-1.6806738992498431,1.1796749909934843,-0.5246311197384046,-0.2877733635300482,0.2245334882991172
2020-05-12,1,-1.6076358611683845,1.0460761469135047,-0.4461964334372415,-0.1829166246753386,0.16882006538067018
2020-05-13,1,-1.6127750615929999,0.9916378582513228,-0.42240581208214023,-0.29055448563547687,0.27405321056441256
2020-05-14,1,-1.8683309115857705,0.8064400436449777,-0.24220581544591097,-0.148432203639628,0.41425926685611547
2020-05-15,1,-1.3381498344805232,1.288866379916746,-0.6695525581168628,-0.3456219292005655,0.026409164806881685
2020-05-16,1,-1.611344831199964,1.0701061099267382,-0.4772711119909626,-0.35980889455234716,0.2792771940690475
2020-05-17,1,-1.9666542504199473,0.663167145975142,-0.12239273595153455,-0.06834697233150788,0.4603145196294304
2020-05-18,1,-1.5894149932941866,1.3390733203366467,-0.6539484612071007,-0.41126287395532707,0.18228717161248928
2020-05-19,1,-1.5676729396000493,1.3200717139158757,-0.645128821642658,-0.3901944448739943,0.16780760481235613
2020-05-20,1,-1.9035190447644397,0.9966293582321573,-0.36737078450133065,-0.32381077236570094,0.4500464757656182
2020-05-21,1,-1.8002551945675984,1.284183826307724,-0.5731391373428398,-0.4036497234773789,0.3041711056998495
2020-05-22,1,-2.13209601670149,0.8775228173433978,-0.23831089040157943,-0.26274453478188203,0.5775661014484433
2020-05-23,1,-2.036831827715335,0.9537024934059519,-0.31055802207034244,-0.31171252901995766,0.5264759095571473
2020-05-24,1,-2.1274948275549836,0.8733728266616365,-0.23617442430358582,-0.2678554184274951,0.5732215377598788
2020-05-25,1,-2.1429670435485586,0.8870236205537831,-0.24272071018380081,-0.2732787493225484,0.5848058848485099
2020-05-26,1,-1.4478062361336863,1.53418628690849,-0.8182869135646232,-0.5566028278644775,0.11268581313019663
2020-05-27,1,-2.047702854562404,0.9632032966163375,-0.3149678418525639,-0.32224674356062405,0.5337156929572139
2020-05-28,1,-1.2835092920965716,1.5599857721716726,-0.8691695687321562,-0.5752355994350473,0.014726073525121647
2020-05-29,1,-1.092121500028442,1.1535665593584887,-0.625196912925704,-0.1778565109524412,-0.1312619781899812
2020-05-31,1,-1.020315003278068,0.8516561818595447,-0.429732274723687,0.10364621758283443,-0.1976124125043519
2020-06-01,1,-0.8200604207031171,1.2346698874057065,-0.7366175278965698,-0.19678589037359434,-0.2877407374730727
2020-06-02,1,-1.4485648366425419,0.6089706534641026,-0.1894577057312415,0.08048906649546328,0.14616461734947606
2020-06-03,1,-1.3670430401398381,0.9155267279604404,-0.4040456981371935,-0.02041831369754743,0.014768814083840537
2020-06-04,1,-0.810619624249084,1.1467008325199057,-0.6773424082055258,-0.11699726691605766,-0.30020450437777424
2020-06-05,1,-1.0964121912075486,0.9181618043322428,-0.46060101319923674,0.029906715798169503,-0.14693392870388577
2020-06-06,1,-1.1545739194114395,0.9590411919212287,-0.47755566991824516,0.010105707671330066,-0.10730416439017354
2020-06-07,1,-1.394495110555806,0.24284322910532152,0.05425750270626575,0.41544488213660935,0.0854498746305704
2020-06-08,1,-1.2935209048478205,1.0107080104437656,-0.4851124693703993,-0.09045473701695605,-0.021841811007322437
2020-06-09,1,-0.9141797874448446,0.9183350547117137,-0.49756958661022865,0.06521243788542519,-0.25594238779571454
2020-06-10,1,-1.0145940817059256,1.165529188561206,-0.6491934743589768,-0.17337141808464634,-0.1767164784858123
2020-06-11,1,-1.1533423780803551,1.1273527253401934,-0.5945856218190991,-0.16654028200923626,-0.09666715299425
2020-06-12,1,-1.281208742757405,0.7018633603345669,-0.2879063087243879,0.030739057854849094,0.05323981686238208
2020-06-13,1,-0.8066143412185852,1.0634821792392979,-0.6202721984055928,-0.042475750728854345,-0.30904837958244236
2020-06-14,1,-1.4162371642499434,0.26184483552609245,0.04543786314182299,0.3943764530552764,0.09992944143070358
2020-06-15,1,-0.9688203298287957,0.647215662456787,-0.2979525759949353,0.29482610811990695,-0.2442592965139545
2020-06-16,1,-1.2254342829793374,1.1106396945322834,-0.5683841504947158,-0.16575826760669793,-0.0548325443984522
2020-06-17,1,-1.3991611186201736,0.7949971655806729,-0.3291149742456141,-0.04700013024565569,0.13268838987646056
2020-06-18,1,-1.4010863510740796,0.8655608859161814,-0.3624098575750352,0.01723345159732348,0.031264180779405265
2020-06-19,1,-1.1261648109626836,1.1036007173142297,-0.5835610723635457,-0.1402047456575703,-0.11476661149441636
2020-06-20,1,-1.1456172201679655,0.6422920104721235,-0.2587790926928326,0.26478749330298446,-0.13887072912215914
2020-06-22,1,-1.179660531102207,0.5923261684278646,-0.2171432521306744,0.30243925859785536,-0.1223753624265943
2020-06-23,1,-1.7003140926667648,0.43039746732069867,-0.014352151287110565,0.18974128391481954,0.28293982632779957
2020-06-24,1,-1.5953236990779691,0.7372314968043061,-0.2489902727912302,-0.061722829803533386,0.2439016932503748
2020-06-25,1,-1.3970810680435808,0.7823422326355733,-0.30533964777510214,0.09175496778452685,0.022420305574737037
2020-06-26,1,-1.594178876833541,0.4970763401728675,-0.08218946317365225,0.15130750421741018,0.22460985103643683
2020-06-27,1,-1.2938063129964286,0.6920846021369116,-0.26344635984399895,0.1918300059208578,-0.046357636725895324
2020-06-28,1,-1.5289527157511291,0.4400715209105549,-0.05573054448032397,0.21451279146140873,0.1811711506360375
2020-06-29,1,-1.1945368409797747,0.6850456249188579,-0.27862328171282885,0.21738352786998544,-0.10629170382185948
2020-06-30,1,-1.2145632561322686,1.101138891321898,-0.5639743307124944,-0.15522405306603154,-0.06207232779851879
2020-07-01,1,-0.9261956365363407,1.1679910145535377,-0.668780216010028,-0.1583521106761851,-0.22941076218170997
2020-07-02,1,-1.0975570134519763,1.1583169609636814,-0.6274018228168147,-0.1831236182227744,-0.12764208648994801
2020-07-03,1,-1.5055817426020046,0.4096948844216502,-0.03961155283267215,0.2737183923895674,0.16650253944925053
2020-07-04,1,-1.4691620680922515,0.38781710325343494,-0.03147653567810635,0.27245097143507413,0.14135234193567126
2020-07-05,1,-1.8024331206191782,-0.09731215738630666,0.35821701117197635,0.48261056904744115,0.40952335417963037
2020-07-06,1,-1.2589934967030199,1.2894539790513293,-0.6862497674669265,-0.302999664485945,-0.019234379875603197
2020-07-07,1,-1.5296134407849977,0.9090068041052981,-0.38203281163227076,-0.1734107047336529,0.21956579067725943
2020-07-08,1,-1.499871725880174,1.1013799896975396,-0.5067343932405741,-0.1832132325259222,0.11030104570265373
2020-07-09,1,-1.7068944283347267,0.6753030255573299,-0.18335787079579927,-0.028556157376457336,0.30585156024177074
2020-07-10,1,-1.3206984719654924,1.034460018469729,-0.49613701882595274,-0.11679027336862208,-0.0037423525071560715
2020-07-11,1,-1.8955477801716685,0.571881359436359,-0.07262016575844962,0.016984269217482306,0.4478534303831344
2020-07-12,1,-1.4296832437344753,0.4330325436925012,-0.07090746634915387,0.24006631341053636,0.12123708354007322
2020-07-13,1,-1.2036922292852001,1.0916380881115124,-0.5595645109302729,-0.14468983852536493,-0.06931211119858527
2020-07-14,1,-1.53935055023795,1.0561645492584735,-0.4673034625695266,-0.15082857450138448,0.13041630409825175
2020-07-15,1,-1.4322582963719388,0.5947194486485246,-0.1828429760579094,0.09629038830646297,0.13530494224937617
2020-07-16,1,-1.3126879059044947,0.8680227119085131,-0.38199659922608653,0.032252759005784726,-0.021430102916492416
2020-07-17,1,-1.2011171766477367,0.9299511831554892,-0.4476290012215175,-0.0009139134212913236,-0.08337996990788832
2020-07-18,1,-1.6577761184609665,0.5427061293670463,-0.10134902978377153,0.12623938882023755,0.26785950705018247
2020-07-19,1,-1.1224449360807929,0.7017586557267679,-0.30482475303721224,0.2166015134674471,-0.1481263124176574
2020-07-21,1,-0.9519429732609769,1.2702112742549165,-0.7346700653744039,-0.25394205594472136,-0.20608732017690878
2020-07-22,1,-1.7000286845181571,0.7490208756275525,-0.23601826081351096,-0.09254345902299443,0.3074556520463724
2020-07-23,1,-1.3708496341083856,0.908902099497499,-0.39895125594509506,0.012451750878945067,0.01819966139721993
2020-07-24,1,-1.6698312690206898,0.534051396974288,-0.09194946004055601,0.09442684946740376,0.3098858376910395
2020-07-25,1,-1.1328318657173022,0.940039585500458,-0.4687360303538025,0.03117413675266284,-0.12178373119030661
2020-07-26,1,-1.496339635209923,0.41156911127939855,-0.04250108513365983,0.246115435083408,0.15945180043583773
2020-07-27,1,-0.7250816398655701,0.9922261551614069,-0.5871985500389323,0.03653085832614378,-0.36334675508294156
2020-07-28,1,-0.6258121678489165,0.9851871779433534,-0.6023754719077623,0.06208438027527141,-0.42328082217890584
2020-07-29,1,-1.0775305982994825,0.7422236945606413,-0.3420507738171491,0.18948396271324258,-0.1718614625132887
2020-07-30,1,-1.0040084630074648,0.8374049770439667,-0.4231175450503549,0.11944753939383401,-0.20847208760445168
2020-07-31,1,-0.9210455312614142,0.844617204641491,-0.44490919659251693,0.129199739531962,-0.25754647960031607
2020-08-01,1,-0.7920234394896256,0.6521393144414505,-0.33712605929703787,0.32486472293682944,-0.34964786390574987
2020-08-02,1,-0.8941533722923504,0.5022417883086736,-0.21221853761056314,0.43782001882144206,-0.30016176381905535
2020-08-03,1,-1.1302568130798392,0.7783526805444347,-0.35680052064504697,0.17495006185673634,-0.13585158989960966
2020-08-04,1,-0.9671046912871523,1.044307322439056,-0.574483985430158,-0.056713043734777036,-0.21451948729074677
2020-08-05,1,-1.0572187749983806,0.6447538364644552,-0.27836583434388396,0.2798068007114457,-0.19156501281805682
2020-08-06,1,-0.9633848164052615,0.6424652608515943,-0.2957476661038246,0.30009321539024014,-0.2478791882139877
2020-08-07,1,-0.7202169427392514,0.3502289369425065,-0.14166142109502095,0.6063674514721049,-0.4159982982201206
2020-08-08,1,-1.1158536955625193,0.07904099891590816,0.1118426072440887,0.6148129440067329,-0.09394061856649227
2020-08-09,1,-0.7556904840665286,0.22179484322283227,-0.04516028062404029,0.713273625683846,-0.40472691502919056
2020-08-10,1,-1.3699035009259093,0.7585902246096097,-0.2943150983195486,0.11809050413619293,0.004320847074570672
2020-08-11,1,-0.640688477726484,1.0779066344343469,-0.6638555014899168,-0.022971350452598238,-0.40719716357417113
2020-08-12,1,-1.0706648544829125,0.815941544630864,-0.3947111638348608,0.12549666106670576,-0.17025737070868718
2020-08-13,1,-0.6747317886607255,1.0279407923900878,-0.6222196609277586,0.014680414842272671,-0.3907017968786063
2020-08-14,1,-0.8747009630870685,0.9635504951507798,-0.5370005172812762,0.032827779860887474,-0.2760576461913127
2020-08-15,1,-0.7036249943200407,0.6546011404337821,-0.3567128009480892,0.3398840303452907,-0.40234214760164755
2020-08-16,1,-1.7154649058426286,-0.17331858306939013,0.3934955694297474,0.5668842853727725,0.35160508697909787
2020-08-17,1,-0.9387713970747414,0.40258805920742546,-0.1489969855844142,0.3625668158858415,-0.17481336023971483
2020-08-18,1,-0.9319165581084831,0.8541180078518766,-0.44931901637473837,0.11866552499129568,-0.2503066962002496
2020-08-19,1,-1.052928083819274,0.8801585914907011,-0.44296173407035117,0.07204357396083527,-0.17589306230415214
2020-08-20,1,-0.7768617214634502,0.878043266257311,-0.4973121392412837,0.12763571072688518,-0.34121569679191177
2020-08-21,1,-1.3344190547483208,0.5092122197550555,-0.1431545980179169,0.19109831917246073,0.07014689164877705
2020-08-22,1,-0.9659598690427246,0.8041521658076176,-0.40768317581258007,0.15631729028616653,-0.23381132950468475
2020-08-23,1,-1.2626125579979466,0.20730184225611153,0.05231004018409993,0.47260104770773625,0.00379645733440645
2020-08-24,1,-1.1181433400513747,0.5593513121787852,-0.2217590119910671,0.1887522759648455,-0.05535693413861642
2020-08-25,1,-0.952228381409585,0.9515878659480628,-0.5130039558480035,0.028342686993092614,-0.23060314589548148
2020-08-26,1,-0.8623997058469642,1.0325179436158098,-0.5874559974078772,-0.02589241451531643,-0.27807344608674434
2020-08-27,1,-0.8460931655763612,1.0182667388002316,-0.5808412677345451,-0.010091092704316629,-0.2889331211868442
2020-08-28,1,-0.8409430603014346,0.6948929288881849,-0.35697024831703417,0.2774607575038305,-0.3170688386054503
2020-08-29,1,-0.6014950615173158,0.8044986665665592,-0.4816203226345639,0.2269287344606779,-0.45182824768834207
2020-08-30,1,-1.034320994209504,0.007784974838017378,0.14491625561074908,0.6938195530617313,-0.1482389940669916
2020-08-31,1,-1.146751137562082,0.5046350685293336,-0.1779182615377982,0.2316711485300496,-0.042481459143084876
2020-09-01,1,-0.49793489832155546,1.0328644443747512,-0.6613931442298612,0.04471902965919494,-0.49609036427040176
2020-09-02,1,-0.8572496005720377,0.7091441337037632,-0.3635849779903662,0.2616594356928308,-0.30620916350535043
2020-09-03,1,-0.9210455312614142,0.844617204641491,-0.44490919659251693,0.129199739531962,-0.25754647960031607
2020-09-04,1,-0.7345224363196032,1.0801952100472076,-0.6464736697299762,-0.04325776513139268,-0.35088298817824015
2020-09-05,1,-0.5445648746445091,0.5953077455586087,-0.3476357140147015,0.42337573226808356,-0.502095023397978
2020-09-06,1,-1.0002776832752625,0.05775081688227618,0.1032804150485909,0.6561677877668604,-0.16473436076255632
2020-09-07,1,-0.8558193701790023,0.7876123853791783,-0.41845027789918865,0.19240502677596055,-0.3009851800007155
2020-09-08,1,-0.6584252483901224,1.0136895875745096,-0.6156049312544265,0.03048173665327225,-0.4015614719787062
2020-09-09,1,-0.8149103154281906,0.91129607749366,-0.5127465084790586,0.09076595983455282,-0.3158764548916788
2020-09-10,1,-0.5468545191333646,1.0756180588214856,-0.6812373332498575,-0.0026849357738037982,-0.4635113389701021
2020-09-11,1,-1.1101436788406887,0.7707261041917977,-0.3552802331638133,0.15788131909124342,-0.15014211231308905
2020-09-12,1,-1.103267030173807,0.46663185568779186,-0.16027898240891264,0.2738080066927153,-0.07144059274335113
2020-09-13,1,-1.5232317941789868,0.7539445276122161,-0.27519174411561365,-0.06250484420607194,0.2020670846545769
2020-09-14,1,-0.6186610158837387,1.3775284363204297,-0.8767019714518746,-0.28418766430907944,-0.3971609046557315
2020-09-15,1,-1.3750427013505242,0.7041519359474279,-0.2705244769644473,0.010452643176054655,0.10955399225831307
2020-09-16,1,-1.0148794898545337,0.846905780254352,-0.4275273648325763,0.10891332485316763,-0.2012323042043852
2020-09-17,1,-0.8692654496635341,0.9588000935455872,-0.5347956073901655,0.03809488713122067,-0.279677537891346
2020-09-18,1,-0.6492698600846972,0.607097124381855,-0.33466370203698226,0.3925551030486227,-0.4385410646019804
2020-09-19,1,-0.6655764003553003,0.6213483291974332,-0.34127843171031436,0.37675378123762304,-0.4276813895018806
2020-09-20,1,-0.4999359450118067,0.31714937608562827,-0.16319562526823803,0.6785429244516931,-0.5503459992121822
2020-09-21,1,-1.11957357044441,0.48088306050337,-0.1668937120822447,0.25800668488171563,-0.06058091764325124
2020-09-22,1,-1.0311751252748251,0.48334488649570173,-0.186480453733296,0.2730259922901769,-0.11327520133914903
2020-09-23,1,-0.6678551399938443,0.7238465438860819,-0.4272184101728579,0.13060710244374446,-0.31200027730886837
2020-09-24,1,0.43917378624672976,-0.19367355772840694,-0.02573318731286789,-0.3458410668282163,-0.3413397780049542
2020-09-25,1,0.6337074472495384,-0.1245328588839063,-0.11315724085046086,-0.3692555391171643,-0.4523640369922146
2020-09-26,1,0.6471535267340703,-0.2957205670503151,0.0031880886405160347,-0.21494539947242436,-0.47367167910158414
2020-09-27,1,-0.32714433770313545,0.40529168135089977,-0.2594393183702738,0.6340600230814121,-0.6468906913993094
2020-09-28,1,0.7315466888731565,-0.21004008777737526,-0.07346886281046838,-0.2744476082511665,-0.5175220875928137
2020-09-29,1,0.4077055279499514,-0.4053263047286892,0.12783816295804593,-0.16441337642927184,-0.3389122700186925
2020-09-30,1,0.20115601785564646,-0.2248110437313658,0.044051587095839534,-0.36456345270193385,-0.20135638541742762
2020-10-01,1,0.5044108521794534,-0.6284904755649481,0.2483873721530728,-0.10272179033620871,-0.30768105064021734
2020-10-02,1,0.3101516944749411,-0.001195667528366362,-0.13351632460834695,-0.5415060502330835,-0.2492383936995205
2020-10-03,1,0.45290527387986956,-0.046237857587961784,-0.13105396734829133,-0.4738156701212903,-0.338131594395751
2020-10-04,1,-0.5485592528246965,0.3007143002649882,-0.15704428304202225,0.5287682053288891,-0.41615372042817356
2020-10-05,1,0.6474389348826781,0.022902841256538797,-0.21847802088588428,-0.4972301424102383,-0.44915585338301145
2020-10-06,1,0.48408812402804,-0.1532085188945334,-0.06295920809280478,-0.3729586175824208,-0.3650749281005856
2020-10-07,1,0.9057685265748633,-0.043429530836688435,-0.22457785582132656,-0.38818491853831766,-0.6088427962753061
2020-10-08,1,0.4852329462724678,-0.3933636755259719,0.10384160152477315,-0.15992828356147698,-0.3843667703145236
2020-10-09,1,0.40542678831140744,-0.30282809004004035,0.041898184495502394,-0.41056005522315037,-0.22323115782568026
2020-10-10,1,-0.9221903535058419,1.0847723612729296,-0.611710006210095,-0.08383059448898156,-0.2382546373863782
2020-10-11,1,-0.4945004315882724,0.3123989744804356,-0.16099071537712734,0.6838100317220263,-0.5539658909122155
2020-10-12,1,-0.8314913589970901,0.2291117754281558,-0.050033487853377995,0.5371633702093759,-0.25243517774501545
2020-10-13,1,0.5043999473291418,-0.25067837699071954,0.0007257313804604204,-0.28263577958421776,-0.38477847840535373
2020-10-14,1,0.25008654351776693,-0.6453767567523288,0.31155741688844796,-0.13724549802092606,-0.15683798295259088
2020-10-15,1,0.07071460054113367,-0.48861350378096885,0.2387953904817953,-0.3110600379419221,-0.03738155685149244
2020-10-16,1,0.611965393555401,-0.10553125246313544,-0.12197688041490365,-0.3903239681984973,-0.43788447019208143
2020-10-17,1,0.3030005425097634,-0.3935369259054428,0.14081017493576511,-0.19523400564873267,-0.27535831122269483
2020-10-18,1,-0.5949147258493538,0.5595931083299278,-0.31261460312587536,0.4452261757519549,-0.47473998160231323
2020-10-19,1,0.16855384216475183,-0.574120732674438,0.2784837685217877,-0.2162521070759243,-0.10253960745209156
2020-10-20,1,0.6065298801318667,-0.1007808508579427,-0.12418179030601434,-0.3955910754688304,-0.43426457849204814
2020-10-21,1,0.46234607033390274,-0.13420691247376254,-0.07177884765724754,-0.3940270466637536,-0.35059536130045255
2020-10-22,1,0.5195616653553172,-0.02477442517485917,-0.15946034856378544,-0.4798647917941618,-0.37634631129151563
2020-10-23,1,0.33734016644292425,-0.4027597741285584,0.12516986561981888,-0.33525652463340866,-0.19024042443455058
2020-10-24,1,0.6377127302800372,-0.20775151216451426,-0.05608703105052776,-0.29473402292996104,-0.46120791219688273
2020-10-25,1,-0.28623528295232403,0.5289753734653813,-0.35373554895014375,0.5324209561400042,-0.6617819662902726
2020-10-26,1,0.35506603225625144,0.03926937130550717,-0.1707423453882838,-0.568623600987288,-0.27297354379515193
2020-10-27,1,0.7604398945324716,0.16329956417893027,-0.33897572279013766,-0.5996512237541847,-0.5058817368697724
2020-10-28,1,-0.2717227451415297,-0.18933820265382756,0.09988606734182157,-0.6428877959729147,0.19067162025060463
2020-10-29,1,0.15366662743687293,-0.10358917760921604,-0.030657901832979118,-0.481221827051803,-0.16355337661249314
2020-10-30,1,0.5807825434072305,0.0014394088434361851,-0.1900716396703902,-0.49118102073736664,-0.41094113648724684
2020-10-31,1,0.4300183979413045,0.21291890546424763,-0.306674416530312,-0.707914433223567,-0.30436018538167997
2020-11-01,1,-0.6003502392728881,0.5643435099351205,-0.314819513016986,0.4399590684816217,-0.47112008990228005
2020-11-02,1,-1.019159276183329,0.23368892665387775,-0.01526982433349669,0.4965905408517871,-0.1398068269531535
2020-11-03,1,0.3358990311995773,-0.10341592722974524,-0.06762647524397106,-0.4459161049645473,-0.2725618357043218
2020-11-04,1,0.3862488824044219,-0.06770129000106445,-0.10264758613279726,-0.46776654844841853,-0.2999168774999865
2020-11-05,1,0.18914016876415007,0.02484491611045825,-0.1271590423039598,-0.5881280012635441,-0.17482475980342305
2020-11-06,1,-0.010543597513585079,0.2790780271780042,-0.2636060081838779,-0.8522653791827433,-0.03566478339755666
2020-11-07,1,0.15910214086040725,-0.10833957921440873,-0.028452991941868427,-0.4759547197814698,-0.16717326831252644
2020-11-08,1,-0.9456480457416226,0.7066823077114314,-0.3439982363393149,0.2466401282843696,-0.25351487980945275
2020-11-09,1,0.24206507260645793,-0.10112735161688424,-0.05024464348403043,-0.46620251964334175,-0.21624766030839082
2020-11-10,1,0.5209918957483527,0.053693826500556124,-0.21432564847260785,-0.5491192007110319,-0.3711223277868807
2020-11-11,1,0.03666038475658069,-0.16076724725099945,0.03276959027134113,-0.45332226189506014,-0.09798361792106391
2020-11-12,1,-0.010818100811881448,-0.41735747970307807,0.2057217421151348,-0.39006664699692023,0.016916818649006876
2020-11-13,1,0.20401647864171757,-0.0678745403805352,-0.06567901272180529,-0.5030722705356743,-0.19090841840815787
2020-11-14,1,0.10646264516670724,0.3362560968197877,-0.3270335002881981,-0.8801649443394861,-0.10123454208898586
2020-11-15,1,-1.0423424651208133,0.5520343799734617,-0.21688580476172944,0.36486253143931546,-0.20764867142279153
2020-11-16,1,-0.563435562702264,0.39343375675598163,-0.21852431262417676,0.44371247460101937,-0.40007006182343874
2020-11-17,1,0.19085580730579343,0.42193657609272733,-0.4036904517391826,-0.9396671531182283,-0.1450849505802153
2020-11-18,1,-0.032571059356330256,-0.020543774708078777,-0.05075953822192028,-0.5910490653262621,-0.045701042315996254
2020-11-19,1,0.3047161810514068,0.0035547340768263824,-0.13572123449945764,-0.5467731575034167,-0.2456185019994872
2020-11-20,1,0.17025857585608378,0.2007830258820597,-0.24570928168604741,-0.7477052481786173,-0.14989722599402022
2020-11-21,1,0.1985809652181832,-0.06312413877534251,-0.06788392261291601,-0.5083393778060075,-0.18728852670812457
2020-11-22,1,-1.1401708018941201,0.25972951029270225,-0.008912542029109544,0.4499685898213266,-0.06539319305705604
2020-11-23,1,0.35935672343535807,0.27467412633175303,-0.3353382451147511,-0.7763868277378987,-0.25730159328124724
2020-11-24,1,0.41771714070120025,0.1439514569992178,-0.2562189364037111,-0.649194238847363,-0.3023443854862483
2020-11-25,1,0.018923614092942145,-0.2249842941108366,0.08102016050683145,-0.39986917478918954,-0.09234792632559885
2020-11-26,1,0.2912701015668749,0.1747424422432351,-0.2520665639904346,-0.7010832971481569,-0.22431085989011756
2020-11-27,1,-0.025694410689448943,-0.3246380232120846,0.14424171253298032,-0.4751223777247901,0.03300047725374164
2020-11-28,1,0.4800828409975413,-0.0699898656139254,-0.12002941789273786,-0.4474801337696241,-0.3562310528959175
2020-11-29,1,-0.8872767236254692,0.1981475398046677,-0.01721728685566251,0.553746706422914,-0.22146024424931743
2020-11-30,1,0.09387597977799518,-0.05133475995209613,-0.054911910635196765,-0.5391600070254683,-0.123734567912127
2020-12-01,1,0.38796452094606526,0.3293903699812047,-0.37917899556802004,-0.8193057003031028,-0.2701770682767788
2020-12-02,1,0.3659370591033201,0.02976856809512174,-0.16633252560606243,-0.5580893864466216,-0.2802133271952185
2020-12-03,1,0.7670202302004336,-0.08160599405770108,-0.169970003281449,-0.3813537824629076,-0.5287934707837437
2020-12-04,1,0.4297329897926967,-0.10570450284260624,-0.08500830700391168,-0.42562969028575287,-0.3288760111002528
2020-12-05,1,-0.473332383841347,1.170799341304811,-0.7623041044830633,-0.07272135909321242,-0.5001219640612651
2020-12-06,1,-0.5934844954563182,0.6380613600053431,-0.3674799030346978,0.37597176683508465,-0.4695159980976784
2020-12-07,1,0.4231526541247346,0.1392010553940251,-0.2540140265126003,-0.6439271315770299,-0.3059642771862815
2020-12-08,1,-0.9539331151009168,0.1766841073915651,0.011189094359831536,0.5597958280957855,-0.18324552735355293
2020-12-09,1,0.6488691652757137,0.10137109293195418,-0.2733433207947068,-0.5664845513271084,-0.4439318698783765
2020-12-10,1,0.09530621017103076,0.027133491723319192,-0.10977721054401918,-0.6084144159423386,-0.11851058440749207
2020-12-11,1,0.3768080859503888,0.020267764884736306,-0.16192270582384105,-0.5475551719059553,-0.287453110595285
2020-12-12,1,0.3567816707978948,0.4363610312877763,-0.4472737548235066,-0.9201627528419722,-0.2432337345719442
2020-12-13,1,-0.6710119137788345,0.6260987308026259,-0.343483341601425,0.37148667396728985,-0.4240614978018473
2020-12-14,1,0.5782074907697673,0.16312631379945952,-0.30200714937914575,-0.6349569458414404,-0.3968732777779439
2020-12-15,1,0.9183551919635753,0.3441613259351953,-0.49669944547432787,-0.7291898558523353,-0.586342770452165
2020-12-16,1,0.40398565306806045,-0.0034842431412273056,-0.15089815636828757,-0.5212196355542891,-0.3055525690954515
2020-12-17,1,0.44632493821190755,0.1986677006486695,-0.3000596868569799,-0.6921131114125672,-0.31521986048177986
2020-12-18,1,0.4855183544210756,-0.07474026721911808,-0.11782450800162719,-0.4422130264992909,-0.3598509445959507
2020-12-19,1,0.3999803700375617,0.07973441013938071,-0.20796836616822068,-0.5957411517414926,-0.29670869389078336
2020-12-20,1,-0.20584740384373654,0.6978745060189291,-0.48746271020106124,0.3983972311740587,-0.6967884995768341
2020-12-21,1,1.1008730038748875,0.6629579846215199,-0.7553341284117204,-0.9761688767028935,-0.6708354038254208
2020-12-22,1,0.2163177358818218,0.0010929080844945815,-0.11613449284840632,-0.561792464911878,-0.19292421830358952
2020-12-23,1,0.47350250532957927,0.1749156926227059,-0.2890351374014265,-0.6657775750609012,-0.3333193189819462
2020-12-24,1,-0.25848689953743664,1.1424701820531256,-0.7860432185473912,-0.0058129933839575765,-0.6308497733532935
2020-12-25,1,-0.6195063354792508,0.043846112825639716,0.03595799789993906,0.7425805537523713,-0.39361095404631363
2020-12-26,1,0.9097738096053621,-0.1266481841172965,-0.16750764602139342,-0.3136634023511142,-0.6176866714799744
2020-12-27,1,-0.48334399659259586,0.621521579576904,-0.37824700512130627,0.41205950332487873,-0.5366898485937093
2020-12-28,1,0.363076598317249,-0.12716793525570885,-0.056601925788417606,-0.41958056861288123,-0.2906612942044883
2020-12-29,1,0.5058301777221774,-0.17221012531530433,-0.05413956852836199,-0.35189018850108783,-0.3795544949007188
2020-12-30,1,0.2257585323358549,-0.08687614680130612,-0.05685937315736253,-0.48200384145434144,-0.20538798520829094
2020-12-31,1,-0.6286726286349875,0.8282506745925227,-0.4926448720901174,0.20059319810901172,-0.4337287891881757
2021-01-01,1,-0.7571098096092527,-0.23448550702681142,0.2573666600573944,0.962442023848725,-0.3328534707686891
2021-01-02,1,-0.8560938734772988,0.09117687849809614,0.050877472399824014,0.6546037589617835,-0.24840357795415202
2021-01-03,1,-0.4578820680165675,0.2006779115686712,-0.09069104623053006,0.789934191531229,-0.5845291163170834
2021-01-04,1,-0.7591249507998117,0.9422603131171481,-0.5455627094767741,0.07418262362101469,-0.3468513883873767
2021-01-05,1,-1.157633069259462,0.8919479703139475,-0.429989722092632,0.04122294474137422,-0.11233910350815457
2021-01-06,1,-0.6421187081195194,0.9994383827589315,-0.6089902015810944,0.04628305846427183,-0.41242114707880606
2021-01-07,1,-0.8638299362399998,0.9540496919403945,-0.5325906974990549,0.04336199440155386,-0.28329742959137927
2021-01-08,1,-1.0040084630074648,0.8374049770439667,-0.4231175450503549,0.11944753939383401,-0.20847208760445168
2021-01-09,1,-1.0080028411876525,0.5428115317503461,-0.23252611407767568,0.22484001245463953,-0.12253078463464728
2021-01-10,1,-0.5923287683615791,0.02009410479967605,0.04698254735549248,0.7689160901040374,-0.41171041254648
2021-01-11,1,-0.6481141329899581,-0.010870130823811996,0.07979874835320802,0.7854994263175754,-0.3807354790507821
2021-01-12,1,-0.8094748020046564,0.9065456758884671,-0.5105415985879479,0.09603306710488602,-0.3194963465917121
2021-01-13,1,-0.3809286556412632,1.0900425140165348,-0.7248206363341815,0.016819464502452086,-0.561660122961831
2021-01-14,1,-0.8160551376726183,1.1514512341250984,-0.6795473180966366,-0.12226437418639108,-0.29658461267774094
2021-01-15,1,-0.85009844860686,1.1014853920808396,-0.6379114775344784,-0.08461260889152011,-0.280089245982176
2021-01-16,1,-0.6338227339099141,1.1516244845045693,-0.7165158915076285,-0.08695865209913534,-0.4055930717695696
2021-01-17,1,-0.5159461722834905,0.27221189063383183,-0.14381482369535808,0.5603708489508883,-0.4378730706283732
2021-01-18,1,-0.47876789726488134,1.1755497429100037,-0.7645090143741741,-0.07798846636354562,-0.4965020723612318
2021-01-19,1,-0.28566446665510825,1.166222190079089,-0.7970677680029447,-0.03214852973562354,-0.612750314853127
2021-01-20,1,0.10360218438063613,0.17931959346895704,-0.2173029004705533,-0.7416561265057457,-0.11168250909825561
2021-01-21,1,0.5807825434072305,0.0014394088434361851,-0.1900716396703902,-0.49118102073736664,-0.41094113648724684
2021-01-22,1,0.8611395969421608,0.23472883863629185,-0.40901794456779006,-0.6433521107219271,-0.5605918204611019
2021-01-23,1,0.5927983924987269,-0.24821655099838774,-0.018861010270590894,-0.2676164721757565,-0.4374727621012514
2021-01-24,1,-0.3963757818160464,0.5455151538938204,-0.3429684468635352,0.49633321965021016,-0.5946081157942419
2021-01-25,1,0.9586934304171711,-0.16940179856403093,-0.14766345700139719,-0.2662594369181153,-0.6502656967802739
2021-01-26,1,0.7721703354753602,-0.4049798039697476,0.05390101613606199,-0.09380193225476041,-0.5569291882023498
2021-01-27,1,0.9844407671418072,-0.2716220582654098,-0.0817736076370213,-0.17066949164957906,-0.6735891387850751
2021-01-28,1,0.8079292849512452,0.042077698056780494,-0.2642662338613191,-0.48299284940431547,-0.5436847456747069
2021-01-29,1,0.7057993521485203,-0.10781982807599638,-0.13935871217484427,-0.37003755351970274,-0.4941986455880124
2021-01-30,1,0.8333912135272734,-0.37876596995145223,0.023289725029457198,-0.10511816119796524,-0.5915240133980811
2021-01-31,1,-0.7282166039499377,0.1388541449294941,-0.008140199922274799,0.637238408345707,-0.32121312004564784
2021-02-01,1,0.25008654351776693,-0.6453767567523288,0.31155741688844796,-0.13724549802092606,-0.15683798295259088
2021-02-02,1,0.9355211463299982,-0.22886844381867538,-0.10161779665701753,-0.21807345708257803,-0.6410101134847755
2021-02-03,1,0.6211207818608263,-0.5121237156557901,0.15896434880254048,-0.02825060180314659,-0.47486406281535565
2021-02-04,1,0.513840743783175,-0.3386474318765202,0.060000851071504185,-0.20284715612668108,-0.39724224531005514
2021-02-05,1,0.7790360792919301,-0.331261953899525,0.0012406261183502687,-0.15778923390129734,-0.5553250963977482
2021-02-06,1,0.9804354841113085,-0.18840340498480185,-0.1388438174369544,-0.24519100783678244,-0.6647452635804069
2021-02-07,1,-1.1129932347764482,0.2359775022667387,0.002112007426443935,0.47630412617299267,-0.08349265155722252
2021-02-08,1,0.670611218969851,0.08236948651118325,-0.26452368123026393,-0.5454161222457756,-0.4584114366785096
2021-02-09,1,0.8920370389417235,-0.1908652309771336,-0.11925707578590308,-0.2602103152452437,-0.6120509798845092
2021-02-10,1,0.802208363379103,-0.2717953086448806,-0.044805034226029355,-0.20597521373683475,-0.5645806796932464
2021-02-11,1,-0.08720069688997006,-0.6694752655372338,0.3965191131659853,-0.18152140584377136,0.04307947673090004
2021-02-12,1,0.6703258108212432,-0.23625392179567056,-0.04285757170386359,-0.26313137930796165,-0.4829272623970825
2021-02-13,1,-0.45731125171935183,0.837924728182379,-0.5340232652833308,0.22536470565560102,-0.5354974648799378
2021-02-14,1,-0.5966303643909971,0.16250144834765867,-0.036083193690652576,0.796765327606639,-0.504479790825521
2021-02-15,1,0.579352313014195,-0.07702884283197908,-0.1352063397615678,-0.42192661182049646,-0.41616511999188177
2021-02-16,1,0.451475043486834,-0.12470610926337711,-0.07618866743946892,-0.40456126120442,-0.34335557790038596
2021-02-17,1,0.628271933826004,-0.11978245727871362,-0.11536215074157155,-0.3745226463874975,-0.4487441452921813
2021-02-18,1,0.5521747458965233,-0.05327683480601547,-0.14623088921712127,-0.44826214817216253,-0.3980656614917153
2021-02-19,1,0.4431790692772286,-0.2768922110090149,0.031337022487065214,-0.27131955064101293,-0.3501836532096224
2021-02-20,1,0.06556449526620718,-0.16523969386892234,0.014924371064284209,-0.5986118881500693,-0.009245839432886344
2021-02-21,1,-0.17037386251645945,0.8263085997386033,-0.5839638506720419,0.2914910569623177,-0.708059882767764
2021-02-22,1,0.42458288451777015,0.21766930706944038,-0.3088793264214227,-0.7131815404938999,-0.3007402936816467
2021-02-23,1,0.35221647632049174,-0.49547923061955185,0.18664989520197336,-0.2502007939055388,-0.2063240830392853
2021-02-24,1,0.6623152447602455,-0.0698166152344546,-0.15699799130372982,-0.4121744116823684,-0.46523951198774605
2021-02-25,1,0.5942286228917625,-0.16974829932297253,-0.0737263101794133,-0.3368708810926267,-0.4322487785966165
2021-02-26,1,0.8648594718240518,-0.16711322295116998,-0.13028162524145656,-0.28654585159690976,-0.5939515213843428
2021-02-27,1,1.2133031472274654,0.16610789093020362,-0.43249961126317293,-0.514020472171212,-0.7765929387493277
2021-02-28,1,-0.49020974040916565,0.5478037295066813,-0.32558661510359455,0.4760468049714157,-0.5382939403983109
2021-03-01,1,0.6460087044896425,-0.05556541041887647,-0.1636127209770619,-0.4279757334933681,-0.45437983688764627
2021-03-02,1,0.7999187188902476,0.20851500461799655,-0.3784066534611853,-0.6320358817787222,-0.5259969952653706
2021-03-03,1,0.35220557147018033,-0.11766713204532342,-0.06101174557063899,-0.4301147831535476,-0.2834215108044217
2021-03-04,1,0.5221367179927805,-0.18646133013088245,-0.04752483885502992,-0.33608886669008825,-0.3904141700008187
2021-03-05,1,0.9492526339631381,-0.08143274367823022,-0.206938576692441,-0.3460480603756519,-0.6378019298755723
2021-03-06,1,0.5453090020799534,-0.12699468487623805,-0.09357049919940955,-0.38427484652562555,-0.39966975329631693
2021-03-07,1,-1.0162988153972579,0.3906254300047083,-0.12500042415114154,0.3580817230180467,-0.12935885994388374
2021-03-08,1,0.8067844627068174,0.28223285468821907,-0.431067043478897,-0.6960231834252593,-0.5243929034607689
2021-03-09,1,0.4923840982376455,-0.0010224171488955602,-0.1704848980193389,-0.5062003281458278,-0.35824685279134916
2021-03-10,1,0.48151307139057686,0.008478386061489873,-0.17489471780156027,-0.5167345426864944,-0.35100706939128257
2021-03-11,1,0.5890785176168359,0.1536255105890741,-0.2975973295969244,-0.6244227313007737,-0.4041130611780104
2021-03-12,1,0.2449364382428404,-0.322002946840282,0.08768639747093707,-0.42479734822907317,-0.12870226553398478
2021-03-13,1,0.5304326922023859,-0.034275228385244605,-0.15505052878156403,-0.4693305772534954,-0.3835860946915822
2021-03-14,1,-0.4790533054134891,0.8569263346031499,-0.5428429048477735,0.20429627657426824,-0.5210178980798046
2021-03-15,1,0.300710898020908,0.0867733873574344,-0.19279144429939074,-0.62129467369062,-0.2367746267948191
2021-03-16,1,0.5930838006473348,0.07040685730846602,-0.24052711979699123,-0.5499012151135705,-0.4129569363826785
2021-03-17,1,0.35764108489371466,-0.12241753365051611,-0.058806835679528296,-0.4248476758832144,-0.287041402504455
2021-03-18,1,0.3739476251643177,-0.13666873846609429,-0.052192106006196226,-0.40904635407221485,-0.29790107760455486
2021-03-19,1,0.6731862716073143,-0.07931741844484008,-0.15258817152150841,-0.401640197141702,-0.47247929538781264
2021-03-20,1,0.17684981637435726,-0.42193463092880007,0.17095807859525355,-0.34949381763933135,-0.0957115321428551
2021-03-21,1,-0.9130240603501053,0.3003677995060466,-0.08310713622003837,0.45815676115437776,-0.19813680224451613
2021-03-22,1,-0.878991654266175,0.7281457401245339,-0.37240461755480897,0.24059100661149796,-0.29172959670521725
2021-03-23,1,0.15767191046737172,-0.18680783088982406,0.026412307966953985,-0.4067003108645996,-0.17239725181716126
2021-03-24,1,0.15652708822294403,0.05334732574161455,-0.14038850165062394,-0.6197306448855433,-0.15310540960322339
2021-03-25,1,0.48065365729475695,0.5672569509997822,-0.5633616369455386,-1.012049619645252,-0.3071994014587719
2021-03-26,1,0.11046792819720604,0.2530374435391796,-0.26996329048826506,-0.8056434281522828,-0.11007841729365409
2021-03-27,1,0.03580097066076078,0.398011317687293,-0.35569732887263716,-0.9486373388538178,-0.05417594998855313
2021-03-28,1,-0.6218068848184176,0.9019685246627454,-0.5453052621078291,0.13660589646247484,-0.43212469738357406
2021-03-29,1,0.12505882992616568,-0.15830542125866776,0.013182848620289817,-0.4383029544865989,-0.1506779016169616
2021-03-30,1,-0.01883957172319045,0.12689192543236633,-0.15608031825734373,-0.7190236686193361,-0.04249285870679309
2021-03-31,1,-0.5577255459804332,1.0851188620318712,-0.6856471530320788,-0.013219150314470185,-0.4562715555700355
2021-04-01,1,-1.2094022460070308,0.39995298283562297,-0.09244167052237098,0.3122417863901247,-0.013110617451988521
2021-04-02,1,-0.7365125781595431,-0.013331956816143686,0.09938549000425936,0.7704801189091142,-0.3280411953548843
2021-04-03,1,-1.0054386934005006,0.7589367253685513,-0.36825224514153254,0.18870194831070425,-0.21369607110908662
2021-04-04,1,-0.5923396732118905,0.39790620337390453,-0.2006790934171198,0.5890021008560284,-0.4888078403116164
2021-04-05,1,0.25465173799517,0.28646350515499946,-0.32236623313703183,-0.8072074569573595,-0.19374763448524968
2021-04-06,1,-0.13985109743398136,0.15293250907119088,-0.14972303595295655,-0.7656456196497965,0.03192077518930428
2021-04-07,1,-0.4662673109946498,0.11933319707590023,-0.060351519893197814,-0.7993873129319753,0.22459845147272867
2021-04-08,1,-0.22796413445495864,0.46909409138571306,-0.35180240382830563,-1.0629496699960717,0.10913088460377483
2021-04-09,1,-0.08120527201953148,0.3408332480455096,-0.29226983676831686,-0.920737773697075,0.011393808702876068
2021-04-10,1,-1.2119882034948055,0.9394519863658748,-0.4520388210037388,-0.011448127961957932,-0.07614018650782173
2021-04-11,1,-1.5698617705019406,0.31638782879607336,0.038565686099546054,0.3161518584028167,0.1960624255270007
2021-04-12,1,-0.37071771385988717,0.5141362814453085,-0.35426476108836125,-1.130640050107865,0.19802408530000537
2021-04-13,1,-0.5460734689557101,0.20986878256183178,-0.12229493692246862,-1.0500190845936488,0.38573406396157195
2021-04-14,1,-0.2662981365683069,0.18372349431520818,-0.1455706635396801,-0.8175346779505903,0.10995430078543504
2021-04-15,1,0.07899966990042769,0.04138469653889734,-0.11639194021735125,-0.6242157377533382,-0.10765090930739218
2021-04-16,1,-0.4736177919899549,0.8521759329979572,-0.5406379949566629,0.20956338384460144,-0.5246377897798379
2021-04-17,1,-0.9676646027340564,0.029248407251119934,0.11650987439525498,0.6877704313888595,-0.1864537109627561
2021-04-18,1,-0.7227919953767147,0.5119158418985298,-0.25359693080377643,0.46259152636803136,-0.4019304395108174
2021-04-19,1,-0.4109666835450061,0.9568580186916678,-0.6261145859720901,0.12899274598452642,-0.5540086314709343
2021-04-20,1,0.33847408383704053,-0.2651028321857684,0.044309034464784486,-0.30214017986047376,-0.28662969441362485
2021-04-21,1,0.41228162727766593,0.14870185860441054,-0.25842384629482174,-0.6544613461176962,-0.298724493786215
2021-04-22,1,0.41886196294562794,-0.09620369963222075,-0.08941812678613309,-0.43616390482641937,-0.3216362277001862
2021-04-23,1,0.5699115165601618,0.010940212053821619,-0.1944814594526116,-0.5017152352780332,-0.40370135308718036
2021-04-24,1,-0.7717116161885237,0.5546694563452643,-0.2734411198237727,0.41518756093503234,-0.36935141421051787
2021-04-25,1,-1.0255531817431802,-0.2162942777189863,0.29935768412026775,0.8904124176097241,-0.15238934377528446
2021-04-26,1,0.6789071931794565,0.2345555882568211,-0.37204937115679815,-0.6786578328091828,-0.45158336136927313
2021-04-27,1,0.3742330333129255,0.1819546698407596,-0.2738582155325966,-0.6913310970100288,-0.27338525188598195
2021-04-28,1,-0.9425021768069438,1.1822422193691158,-0.6753949456833601,-0.17415343248718468,-0.2185510870816102
2021-04-29,1,-0.031140828963294676,0.05792447696733646,-0.1056248381307427,-0.6603034742431322,-0.04047705881136146
2021-04-30,1,0.5307181003509938,0.28434817992160927,-0.3767166383079644,-0.7516153201913094,-0.3590702689730093
2021-05-01,1,-0.7908677123948865,0.034172059235783425,0.0773363910931524,0.717809046205782,-0.29184227835455145
2021-05-02,1,-0.7473945098569231,0.3739809449684701,-0.1526859705505744,0.5800319151204387,-0.3978988397199541
2021-05-03,1,-0.8841417595411015,1.0515195500365806,-0.59627563697232,-0.046960843596649204,-0.26359387928661115
2021-05-04,1,-1.4047953211056592,0.8895908489294149,-0.39348453612875633,-0.15965881827968492,0.1417213094677826
2021-05-05,1,-1.0514978534262387,0.9586268431661165,-0.4978270339791736,0.0027891650439649807,-0.1706690787995172
2021-05-06,1,-0.7345224363196032,1.0801952100472076,-0.6464736697299762,-0.04325776513139268,-0.35088298817824015
2021-05-07,1,-1.0105887986754267,1.082310535280598,-0.5921232645590435,-0.0988499018974428,-0.18556035369048052
2021-05-08,1,-1.4811779171837476,0.637473063095259,-0.20268716507790566,0.0488864228734639,0.16788396754967583
2021-05-09,1,-1.2488810703648066,0.3547375423965567,-0.0530107398513234,0.3446264444146624,0.0070046409436096135
2021-05-10,1,0.2575121987812411,0.44340000850583,-0.4320968329546767,-0.9457162747910999,-0.18329966747597992
2021-05-11,1,-0.12869466243830482,0.4620551141676594,-0.36697932569713554,-1.037396148046944,0.04919681750781049
2021-05-12,1,-1.2105579731017697,1.01792023804129,-0.5069041209125613,-0.080702536878828,-0.0709162030031869
2021-05-13,1,-0.32865293201433643,0.019852718354123,-0.03409854127804088,-0.8393347937803202,0.24093839596024053
2021-05-14,1,-0.13699063664791042,0.3098690124220215,-0.25945363577060143,-0.9041544374835371,0.04236874219857409
2021-05-15,1,-0.34896475531543847,0.11732257645030914,-0.09778348075130608,-0.9296576317785232,0.2606419462650086
2021-05-16,1,-1.000003179976966,0.7541863237633586,-0.3660473352504218,0.19396905558103744,-0.2173159628091199
2021-05-17,1,-1.4025056766168038,0.4092805356665376,-0.05988291689360045,0.2664018497622025,0.10313762503990674
2021-05-18,1,0.048102227900865005,0.46697876615232276,-0.4061528089992382,-1.0073575332300215,-0.05619174988398484
2021-05-19,1,-0.19020094863882606,0.11721787184251009,-0.1147019250641304,-0.7437951761659254,0.059275816984969004
2021-05-20,1,-0.18333520482225615,0.19093572191273261,-0.1673623150818421,-0.8077824778124623,0.060879908789570586
2021-05-21,1,-0.2145071501201152,-0.07990571535492419,0.012204566435283698,-0.7287255411033229,0.1649206702595415
2021-05-22,1,-0.09894204268316997,0.27661620118567243,-0.24401926653282655,-0.8672846865912045,0.01702950029834102
2021-05-23,1,-0.40810622275893493,1.1137945220424983,-0.7358451857897349,-0.00951607184921388,-0.5435606644616645
2021-05-24,1,-0.29060433804959607,-0.0134000928822261,-0.01866417204026602,-0.8024650428879878,0.21559915406000751
2021-05-25,1,0.04409694487036621,0.5501974194329309,-0.46322301879917127,-1.081879049417225,-0.047347874679316615
2021-05-26,1,0.08758105225864095,0.5121942065913891,-0.44558373967028575,-1.0397421912545592,-0.07630700827958292
2021-05-27,1,0.536439021923136,0.5982211866232705,-0.5961778379432541,-1.02863295585879,-0.3381743349544698
2021-05-28,1,-0.13699063664791042,0.3098690124220215,-0.25945363577060143,-0.9041544374835371,0.04236874219857409
2021-05-29,1,-0.28517972947637305,0.35966160408680964,-0.2641209029217677,-0.9771119248656635,0.13488183459483793
2021-05-30,1,-0.787732748310519,0.8875440694676964,-0.5017219590235051,0.11710149618621879,-0.3339759133918452
2021-05-31,1,-0.04315667805479112,0.3075804368091605,-0.276835467530542,-0.8838680228047424,-0.013945433197356943
2021-06-01,1,-0.1598775125864754,0.5690257754742309,-0.4350740849526221,-1.1382532005858137,0.0761401512126452
2021-06-02,1,-0.3040613223844394,0.535599713858411,-0.38267114230385535,-1.1366891717807366,0.15980936840424081
2021-06-03,1,-0.01712393318154709,0.5239835854146355,-0.4326117276925665,-1.07056282047402,-0.012753049483585438
2021-06-04,1,0.2291898094191418,0.7073071731632323,-0.6099221920278082,-1.1850821451637097,-0.14590836676187557
2021-06-05,1,-0.8120498546421197,1.0682325808444906,-0.6224771082967034,-0.04774285799918754,-0.30542848788240906
2021-06-06,1,-1.1224340312304812,0.32394655715253945,-0.057163112264599886,0.39651550271545605,-0.07102888465252111
2021-06-07,1,-0.98198100116472,1.1370267789300497,-0.6359640150123126,-0.14176877446264696,-0.19843582868601206
2021-06-08,1,-1.0620834721246994,1.2867510546833556,-0.7239029632877955,-0.2900297924345154,-0.13891346968087792
2021-06-09,1,-0.9013077139075246,1.6245493197904513,-0.9913572857896306,-0.5580772423664064,-0.2089265362540006
2021-06-10,1,0.057828432503506014,0.697633119573376,-0.5685437988345948,-1.209853652710299,-0.04413969107011345
2021-06-11,1,-0.9058838132352393,1.0705211564573516,-0.6050952765367629,-0.06802927267798198,-0.24911431248647797
2021-06-12,1,-1.0351913131556356,0.9443756383505382,-0.4912123043058415,0.01859048685496456,-0.1815287538996171
2021-06-13,1,-0.9482121935287745,0.4905571140932262,-0.20827210527545806,0.28277819242830493,-0.16234959333501342
2021-06-14,1,-0.9739595302534106,0.5927773737946052,-0.27416195463983395,0.18718824715976862,-0.139026151330212
2021-06-15,1,-0.6541345572110159,1.2490943426007555,-0.7802008309808938,-0.17728149009733846,-0.3858895214648015
2021-06-16,1,-0.527191876047644,0.03393067279023032,-0.003744697540381009,-0.8904418376785757,0.360806530152169
2021-06-17,1,-0.1953510539137525,0.4405916817545567,-0.33857294448164144,-1.0313470263740725,0.08741153440357512
2021-06-18,1,-0.4971538481439013,0.16711516811509736,-0.10245074790247241,-1.00261511916065,0.3531550386612724
2021-06-19,1,-0.145485939887643,1.282866904975517,-0.9065409204516445,-0.1082340747279037,-0.6875756568400546
2021-06-20,1,-0.5768925470371074,0.9424335634966188,-0.582531282887766,0.10948834570827037,-0.4558598474792055
2021-06-21,1,-0.16245256522393867,0.7307126804302542,-0.5470095946613777,-1.282029125689887,0.09020800992194826
2021-06-22,1,-0.4399491579727981,0.6543597539882291,-0.4377938895816227,-1.268366853539067,0.250306660905073
2021-06-23,1,-0.8377971913667557,1.1704528405458694,-0.6883669576610794,-0.14333280326772385,-0.28210504587760776
2021-06-24,1,-0.9084588658727023,1.2322080614133748,-0.7170307862455184,-0.2118051977820556,-0.23504645377717504
2021-06-25,1,-0.27287847223626893,0.42862905255183953,-0.31457638304836877,-1.0358321192418674,0.13286603469940628
2021-06-26,1,-0.5957741399451737,1.1183716732682203,-0.7010815222698537,-0.05008890120680276,-0.43093231366980256
2021-06-27,1,-0.8924268289003957,0.5215213497167143,-0.24108830627317354,0.2661948562147669,-0.19332452683071133
2021-06-28,1,-1.0420570569722052,0.8706577882803157,-0.4385519142881298,0.08257778850150166,-0.18313284570421873
2021-06-29,1,-0.16130774297951098,0.4905575237988156,-0.38020878504379974,-1.0689987916689434,0.07091616770801026
2021-06-30,1,0.24692658008278018,0.7715242200230694,-0.6581727622632985,-1.2385352322695802,-0.15154405835734053
2021-07-01,1,-0.9221903535058419,1.0847723612729296,-0.611710006210095,-0.08383059448898156,-0.2382546373863782
2021-07-02,1,0.2723885086588086,0.35068055201483656,-0.3706168033725221,-0.86066054406323,-0.19938332608071463
2021-07-03,1,-0.7728564384329514,0.7948246129767029,-0.44024192944135065,0.2021572269140886,-0.35005957199658
2021-07-04,1,-0.921034626411103,0.46680510606726255,-0.19724755581990458,0.309113728779971,-0.18044905183517979
2021-07-05,1,-0.6409738858750917,0.7592832261274929,-0.4421893919635164,0.25931339248521557,-0.43171298929274393
2021-07-06,1,0.30099630616951584,0.40539679566428827,-0.4144575538257912,-0.9035794166284341,-0.21225880107624617
2021-07-07,1,0.006907765001445687,0.024671665730987447,-0.09019046889296783,-0.6234337233507998,-0.06581630071159439
2021-07-08,1,0.10903769780417046,0.1745691918637643,-0.2150979905794426,-0.7363890192354126,-0.1153024007982889
2021-07-09,1,0.35935672343535807,0.27467412633175303,-0.3353382451147511,-0.7763868277378987,-0.25730159328124724
2021-07-10,1,0.1688283454630482,0.12231477420664438,-0.19084398177722497,-0.6784508392617472,-0.15512120949865504
2021-07-11,1,-1.073514410418672,0.2811929427058049,-0.03731892324460365,0.44391946814845495,-0.10360790995282054
2021-07-12,1,0.4125670354262737,0.46732526691126447,-0.48008995582122205,-0.9367460890555104,-0.2742086680676422
2021-07-13,1,0.22890440127053385,0.3886837648563783,-0.38825608250140764,-0.9027974022258958,-0.17042419248044838
2021-07-14,1,-0.3097713391062703,-0.15608539141747846,0.08445169810404671,-0.679757546865247,0.21601086215083765
2021-07-15,1,0.4285881675482689,0.13445065378883236,-0.25180911662148964,-0.6386600243066967,-0.3095841688863149
2021-07-16,1,0.7321175051703722,0.42720672883633254,-0.5168010818632691,-0.8390170941267945,-0.4684904361556681
2021-07-17,1,0.4858037625696835,0.2438831410877358,-0.33949061752802756,-0.7244977694371049,-0.335335118877378
2021-07-18,1,-0.5594411845220766,0.6880272020496021,-0.409115743596856,0.3383200015402138,-0.48601136479324325
2021-07-19,1,0.42486829266637804,0.5362927153762942,-0.5305454359478232,-0.9954662834317141,-0.27622446796307387
2021-07-20,1,-1.073514410418672,0.2811929427058049,-0.03731892324460365,0.44391946814845495,-0.10360790995282054
2021-07-21,1,0.32559882064972434,0.5433316925943479,-0.5153685140789932,-1.0210198053808417,-0.2162904008671096
2021-07-22,1,-0.6401928356974373,-0.1064660501321611,0.11675300436387234,-0.7880207563346293,0.4175324136389301
2021-07-23,1,0.24120565851063808,0.4576512133214082,-0.4387115626280088,-0.9615175966020995,-0.17243999237588004
2021-07-24,1,0.3484856965882894,0.28417492954213847,-0.3397480648969724,-0.7869210422785651,-0.25006180988118065
2021-07-25,1,-0.6775813445964852,0.49319219046502877,-0.2648274203375013,0.33310322192402186,-0.32405233612273976
2021-07-26,1,0.12276918543731032,0.3220048920042094,-0.3204187706148661,-0.8643636225284865,-0.11209421718908574
2021-07-27,1,-0.5889083961286037,1.1920895233384428,-0.7537419122875654,-0.11407620285333986,-0.4293282218652009
2021-07-28,1,0.3473408743438616,0.5243300861735771,-0.5065488745145504,-0.9999513762995089,-0.23076996766724278
2021-07-29,1,0.06440876817146797,0.4527275613367447,-0.3995380793259061,-0.991556211419022,-0.06705142498408467
2021-07-30,1,0.21688855217903746,0.6383397246982023,-0.5594667119012071,-1.126361950787506,-0.14389256686644392
2021-07-31,1,-0.05050715905009601,1.0404231727312174,-0.7571219425940071,0.12508267397183437,-0.7631816744499236
2021-08-01,1,-0.49935422386427963,0.5765840941251076,-0.35886620354842635,0.29388742782407407,-0.4242169200099003
2021-08-02,1,0.07384956462550125,0.36475850645094393,-0.3402629596348623,-0.9117675879614853,-0.07951519188878609
2021-08-03,1,0.42343806227334246,0.457824463700879,-0.4756801360390007,-0.9262118745148438,-0.2814484514677088
2021-08-04,1,-0.3866495772134053,0.7761695073148736,-0.5053594366988917,0.2938371001699328,-0.5825560569803705
2021-08-05,1,-0.41239691393804156,0.8783897670162526,-0.5712492860632676,0.1982471549013965,-0.5592326149755692
2021-08-06,1,0.25094276796359044,0.31049346816823287,-0.35344091169075287,-0.9840997268343679,-0.08329050579687236
2021-08-07,1,-0.7239368176211424,0.7520709985299684,-0.42039774042135436,0.24956119234708757,-0.38263859729687955
2021-08-08,1,0.162622686712171,0.6150023534972626,-0.504329647223112,0.5435301915357734,-0.9236492929651597
2021-08-09,1,0.03838692814853546,-0.1414876858429588,0.0038998216087307302,-0.6249474245017352,0.008853619067280077
2021-08-10,1,0.045241767114793954,0.3100422628014923,-0.29642220918159334,-0.8688487153962812,-0.06663971689325454
2021-08-11,1,-0.40524576197286377,1.2707310253933288,-0.8455757856073799,-0.1480248896829543,-0.5331126974523948
2021-08-12,1,0.5404443049536347,0.5150025333426624,-0.539107628143321,-0.9541114396715866,-0.34701821015913803
2021-08-13,1,-0.056602757539323034,0.47876814497556924,-0.393180797021519,-1.0381781624494826,0.0073622089120126966
2021-08-14,1,-0.11029780670897371,1.0926775903883372,-0.7813759513962247,0.06714449399816902,-0.7233628657495574
2021-08-15,1,-0.5974788736365055,0.34346791471172267,-0.1768884720620185,0.48136423989589017,-0.3835746951278739
2021-08-16,1,-0.558010954129041,0.7664954537250174,-0.4639810435056785,0.2690655926233436,-0.48078738128860843
2021-08-17,1,0.19915178151539897,0.5741226778383652,-0.5112161416657167,-1.0729088636816353,-0.13825687527097896
2021-08-18,1,0.02521535196230003,0.7261355292045322,-0.5817732581812589,-1.2414562963322981,-0.02242034086991382
2021-08-19,1,-0.4385189275797625,0.7328280056636445,-0.49265918949044507,-1.3376212624559372,0.25553064440970785
2021-08-20,1,-0.7722856221357358,1.4320714295904107,-0.8835741484941514,-0.3624122589615392,-0.3010279205594344
2021-08-21,1,-0.37263268143165773,1.2422286157621727,-0.8323463262607157,-0.11642224606095514,-0.5548320476525945
2021-08-22,1,-1.207972015613995,0.47842123451103824,-0.14730697043119342,0.24298737747325444,-0.0078866339473537
2021-08-23,1,-0.4541653827846729,1.3134846398400635,-0.8654199746273762,-0.19542885511595326,-0.5005336721520952
2021-08-24,1,-0.7302317451404966,1.3155999650734536,-0.8110695694564435,-0.2510209918820034,-0.33521103766433547
2021-08-25,1,-0.17618405285707836,0.583276980289809,-0.4416888146259542,-1.154054522396813,0.08699982631274499
2021-08-26,1,-0.5903386265216393,1.1136212716630276,-0.698876612378743,-0.04482179393646957,-0.43455220536983585
2021-08-27,1,0.08357576922814221,0.595412859871997,-0.5026539494702189,-1.1142637074417627,-0.0674631330749148
2021-08-28,1,-0.36462211537066014,1.0757913092009566,-0.7182059066608494,0.032620786313451666,-0.5725197980619308
2021-08-29,1,-0.4041009397284361,1.0305758687618902,-0.6787749759898019,0.06500544433798938,-0.5524045396663326
2021-08-30,1,0.0034732982681626723,0.7451371356253031,-0.5905928977457017,-1.2625247254136311,-0.007940774069780637
2021-08-31,1,-0.18991554049021828,0.4358412801493639,-0.3363680345905308,-1.0260799191037393,0.08379164270354182
2021-09-01,1,0.0767100254115723,0.5216950098017745,-0.4499935594525071,-1.0502764057952256,-0.06906722487951633
2021-09-02,1,0.018064199997122235,0.3337942708274558,-0.3074467586371469,-0.8951842517479474,-0.048540258393088176
2021-09-03,1,0.22203865745396395,0.31496591478615577,-0.33559569248369603,-0.8388101005793587,-0.17202828428505001
2021-09-04,1,0.4205776014872713,0.30088796035004844,-0.36594953622135584,-0.7877030566811034,-0.29189641847697845
2021-09-05,1,-0.8083299797602286,0.6663905192570286,-0.34374078897036997,0.30906340112582975,-0.33878818880565
2021-09-06,1,-0.013118650151048239,0.4407649321340275,-0.37554151789263346,-0.9960413042868168,-0.02159692468825361
2021-09-07,1,0.6494399815729294,0.738617909545662,-0.7166755398475076,-1.1310540372027365,-0.3949002184412309
2021-09-08,1,0.02750499645115541,0.24582521594165513,-0.24817163894610303,-0.8153956282904107,-0.06100402529778959
2021-09-09,1,-0.3320090348294541,1.0472888995698002,-0.7049764473141852,0.06422342993545105,-0.5942391482621305
2021-09-10,1,0.1676835232186205,0.36246993083808293,-0.357644791394803,-0.891481173282691,-0.13582936728471717
2021-09-11,1,0.09559161831963854,0.34575690003017306,-0.33144332007041954,-0.8906991588801525,-0.09399475868891927
2021-09-12,1,-1.009443976430999,0.8421553786491593,-0.4253224549414656,0.11418043212350082,-0.2048521959044184
2021-09-13,1,0.11218356673884951,0.6501291035214487,-0.5464946999234879,-1.1571825800069668,-0.08033860807044635
2021-09-14,1,-0.2525666489351671,0.3311591944556534,-0.2508914435751035,-0.9455092812436643,0.1131624843946382
2021-09-15,1,0.26437794259781106,0.5171178585760525,-0.48475722297238844,-1.0097035764376368,-0.1816955756713784
2021-09-16,1,-0.24198103023670622,0.0030349829384140325,-0.02481551426648182,-0.6526903237651838,0.0814068752759988
2021-09-17,1,0.3839592379155665,0.41260902326181276,-0.4362492053679532,-0.893827216490306,-0.26133319307211067
2021-09-18,1,0.6995044246291662,0.4557091384674888,-0.5300305412099333,-0.8706197377487936,-0.44677108595546844
2021-09-19,1,-0.7551087629190015,0.4812295612623116,-0.24083085890422862,0.328618129056227,-0.27859783582690867
2021-09-20,1,0.3916843958279562,-0.0724516916062572,-0.10044267624168654,-0.46249944117808534,-0.3035367692000198
2021-09-21,1,0.33904490013425626,0.3721439844279392,-0.3990231845880162,-0.8667096657361015,-0.23759804297647924
2021-09-22,1,0.1828452412447959,0.5883738826539433,-0.5178308713390488,-1.088710185492635,-0.12739720017087908
2021-09-23,1,-0.03629093423822122,0.3812982868793831,-0.3294958575482537,-0.9478553244512795,-0.012341341392755306
2021-09-24,1,-0.5808978300676062,1.0256522167772268,-0.6396014926876992,0.03496682952106689,-0.44701597227453727
2021-09-25,1,-1.0841000291171332,0.6093171542230442,-0.26339485255322537,0.1511005106699746,-0.07185230083418126
2021-09-26,1,-0.7848613826741365,0.6666684742442984,-0.3637909180685376,0.15850666760048743,-0.24643051861743914
2021-09-27,1,-0.4442398491519046,0.41895499896198324,-0.2731979898551554,-1.0606036267884564,0.23463471039116834
2021-09-28,1,0.014344325115231385,0.7356363324149178,-0.5861830779634803,-1.2519905108729645,-0.015180557469847228
2021-09-29,1,0.13793090346348563,0.5479088438200699,-0.48060485055911195,-1.0615926347384306,-0.10366205007524765
2021-09-30,1,-0.44279871390855763,0.11961115206317013,-0.08040164899136545,-0.9499440464573177,0.31695612166093956
2021-10-01,1,-0.0648987317489284,0.3265820432299314,-0.2856551070949849,-0.9049364518860754,0.0005341336027762378
2021-10-02,1,0.23605555323571153,0.7810250232334548,-0.6625825820455198,-1.2490694468102466,-0.14430427495727394
2021-10-03,1,-1.5232317941789868,0.7539445276122161,-0.27519174411561365,-0.06250484420607194,0.2020670846545769
2021-10-04,1,0.09187174343774758,0.7475989616176351,-0.610179639396753,-1.24750541800517,-0.060635057765678235
2021-10-05,1,0.3450512298550063,1.0046403994364541,-0.8401504937497064,-1.4260120443413962,-0.19218628323936693
2021-10-06,1,-0.3192230404106148,0.30969576204255067,-0.22248506235960944,-0.9394601595707925,0.15137720129040277
2021-10-07,1,-0.10151709532063324,0.4383031061416957,-0.3559547762415821,-1.011060611695278,0.031097359007644126
2021-10-08,1,0.2969910231390171,0.48861544894489634,-0.47152776362572424,-0.9781009328156376,-0.20341492587157806
2021-10-09,1,0.02750499645115541,0.24582521594165513,-0.24817163894610303,-0.8153956282904107,-0.06100402529778959
2021-10-10,1,-0.13375549894475455,0.7145875368268391,-0.5136641815254447,0.3976152167715203,-0.7386231081726319
2021-10-11,1,0.17426385888658258,0.1175643726014517,-0.18863907188611428,-0.673183731991414,-0.15874110119868834
2021-10-12,1,0.0017576597265192562,0.34804547564303406,-0.31406148831047886,-0.9109855735589469,-0.03768058329298837
2021-10-13,1,-0.10037227307620555,0.19814794951025716,-0.18915396662400413,-0.7980302776743342,0.011805516793706144
2021-10-14,1,-0.2029869430576655,0.8548110093697596,-0.5971933100187061,0.2598884133403184,-0.6863405325675642
2021-10-15,1,0.19085580730579343,0.42193657609272733,-0.4036904517391826,-0.9396671531182283,-0.1450849505802153
2021-10-16,1,0.6056704660360468,0.4579977140803498,-0.5126487094499926,-0.8909061524275881,-0.39045691055953746
2021-10-17,1,-0.4515903301472096,1.15179773488404,-0.7534844649186204,-0.05165293001187965,-0.5146015308613983
2021-10-18,1,-0.6898935066869009,0.8020368405742273,-0.46203358098351266,0.21190942705221666,-0.3991339639924444
2021-10-19,1,0.012914094722195693,0.6571680807395026,-0.531317778054658,-1.1827361019560945,-0.020404540974482105
2021-10-20,1,-0.15472740731154885,0.24565196556218433,-0.21120306553511106,-0.8507013503776664,0.04800443379403904
2021-10-21,1,0.2589424291742767,0.5218682601812452,-0.4869621328634991,-1.01497068370797,-0.1780756839713451
2021-10-22,1,0.005762942757017997,0.264826822362426,-0.2569912785105458,-0.8364640573717437,-0.04652445849765646
2021-10-23,1,-0.7493987461971708,1.1729146665382013,-0.7079536993121307,-0.1283134958592626,-0.33479932957350533
2021-10-24,1,-1.2840692035434762,0.5449268569837363,-0.17817570890674314,0.1692478756885894,0.042791849853112324
2021-10-25,1,0.3092922803791213,0.5575828974099262,-0.5219832437523253,-1.0368211271918413,-0.20543072576700971
2021-10-26,1,0.2400608362662105,0.6978063699528467,-0.6055123722455867,-1.1745479306230433,-0.15314815016194216
2021-10-27,1,-0.03772116463125669,0.3028300352039678,-0.27463055763943134,-0.8786009155344092,-0.01756532489739024
2021-10-28,1,0.3868196987016377,0.5695455266126435,-0.5459798051855981,-1.0323360343240466,-0.2508852260628409
2021-10-29,1,0.018064199997122235,0.3337942708274558,-0.3074467586371469,-0.8951842517479474,-0.048540258393088176
2021-10-30,1,0.06440876817146797,0.4527275613367447,-0.3995380793259061,-0.991556211419022,-0.06705142498408467
2021-10-31,1,-0.7222102742291876,0.7713505599380092,-0.4492675090839648,0.07793602974041247,-0.2758013603085355
2021-11-01,1,-1.123578853474909,0.564101713783978,-0.2239639218821778,0.1834851686945123,-0.051737042438583125
2021-11-02,1,0.33933030828286403,0.690767392734793,-0.6206892941144166,-1.1489944086739157,-0.21308221725790644
2021-11-03,1,0.2114530387555031,0.643090126303395,-0.5616716217923178,-1.1316290580578392,-0.14027267516641062
2021-11-04,1,-0.13413017586183926,0.46680551577285206,-0.3691842355882462,-1.0426632553172772,0.05281670920784379
2021-11-05,1,-0.05002242187136091,0.23386258673893795,-0.2241750775128303,-0.8198807211582055,-0.015549525001958525
2021-11-06,1,0.07527979501853672,0.4432267581263592,-0.3951282595436847,-0.9810219968783556,-0.07429120838415126
2021-11-07,1,-0.820345828851725,0.9160464790988527,-0.5149514183701692,0.08549885256421963,-0.3122565631916455
2021-11-08,1,0.4262985230594135,0.6147609670517096,-0.5854107358566455,-1.0647206923485841,-0.27100048445843905
2021-11-09,1,0.4998206583514311,0.7099422495350347,-0.6664775070898513,-1.1347571156679928,-0.3076111095496019
2021-11-10,1,0.5132667378359629,0.5387545413686261,-0.5501321775988745,-0.9804469760232528,-0.32891875165897155
2021-11-11,1,-0.11925386598427179,0.3740860592818586,-0.3077042060060917,-0.9576075245894076,0.03673305060310908
2021-11-12,1,0.38968015948770873,0.726482029963474,-0.6557104050032428,-1.1708448521577868,-0.24043725905357116
2021-11-13,1,-0.022844854753689248,0.21011057871297434,-0.21315052805727683,-0.7935451848065393,-0.033648983502124946
2021-11-14,1,-1.0666595714524136,0.7327228913502559,-0.3376409540349277,0.20001817725390897,-0.1791012459133553
2021-11-15,1,-0.6529897349665882,1.0089391859693169,-0.6134000213633157,0.035748843923605444,-0.40518136367873947
2021-11-16,1,0.2114530387555031,0.643090126303395,-0.5616716217923178,-1.1316290580578392,-0.14027267516641062
2021-11-17,1,0.38138418527810325,0.5742959282178361,-0.5481847150767087,-1.0376031415943798,-0.24726533436280762
2021-11-18,1,0.20573211718336087,0.329217119601734,-0.3422104221570281,-0.8546114223903585,-0.16116860918495013
2021-11-19,1,0.4983904279583955,0.6314739978596196,-0.611612207181029,-1.0655027067511227,-0.31283509305423685
2021-11-20,1,0.32960410368022314,0.46011303931374,-0.45829830427906004,-0.9464982891936382,-0.22513427607177772
2021-11-21,1,-0.8189155984586894,0.9945147307742679,-0.5698167182789917,0.016244443647349338,-0.3070325796870106
2021-11-22,1,0.4491853989979787,0.35560420399950005,-0.4097902866746248,-0.8306219292463077,-0.30477189347251
2021-11-23,1,0.15166239109662538,0.695344543960515,-0.5859256305945354,-1.1895672380315045,-0.10045386646604437
2021-11-24,1,0.3828144156711387,0.6527641798932513,-0.6030500149855311,-1.10685755051125,-0.2420413508581727
2021-11-25,1,0.31472779380265564,0.5528324958047335,-0.5197783338612146,-1.031554019921508,-0.209050617467043
2021-11-26,1,-0.5986346007312446,0.9614351699173898,-0.5913509224522088,0.0884199166269376,-0.4413802806790723
2021-11-27,1,0.32273835986365323,0.3863951892435174,-0.4056379142613483,-0.8825109875471013,-0.22673836787637935
2021-11-28,1,-0.7902968960976707,0.6714188758494912,-0.3659958279596483,0.15323956033015423,-0.24281062691740585
2021-11-29,1,0.12705987661641693,0.5574096470304553,-0.4850146703413333,-1.072126849279097,-0.09642226667518106
2021-11-30,1,0.11618884976934825,0.5669104502408409,-0.4894244901235547,-1.0826610638197633,-0.08918248327511447
2021-12-01,1,-0.7917380313410177,0.9707627227483044,-0.5587921688234383,0.04257997999901553,-0.32513203818717706
2021-12-02,1,0.22232406560257184,0.6335893230930096,-0.5572618020100963,-1.1210948435171728,-0.1475124585664772
2021-12-03,1,0.4780786046572937,0.7289438559558057,-0.6752971466542941,-1.1558255447493255,-0.29313154274946873
2021-12-04,1,-0.2762236702010751,1.0782531351932882,-0.7377926483119007,0.04764009372191291,-0.6252140817578286
2021-12-05,1,-0.5225374128017639,0.8949295474446917,-0.560482183976659,0.16215941841160247,-0.49205876447953834
2021-12-06,1,-0.578037369281535,1.1825887201280574,-0.749332092505344,-0.10354198831267325,-0.4365680052652675
2021-12-07,1,0.012429357543460653,1.463728666731782,-1.0642646431358347,-0.23777270682605461,-0.7680366904224472
2021-12-08,1,-0.6300919541777116,0.371970324342879,-0.19011793140868266,0.4497615962738909,-0.36185534492767424
2021-12-09,1,0.5473100487702046,0.5887203834128849,-0.5917680181610327,-1.0180987413181237,-0.3454141183545364
2021-12-10,1,0.49409973677928887,0.3960692428333736,-0.44701630745456167,-0.857739480000512,-0.32850704356814153
2021-12-11,1,0.31844766868454655,0.15099043421727149,-0.24104201453488108,-0.6747477607964907,-0.24241031839028404
2021-12-12,1,-0.7565498981623485,0.7805734081611247,-0.43362719976801856,0.21795854872508819,-0.3609192470966798
2021-12-13,1,0.5730573854948408,0.486500123711506,-0.5258781687966568,-0.9225087960495875,-0.3687375603593378
2021-12-14,1,0.2437807111481013,0.29596430836538484,-0.32677605291925327,-0.8177416714980259,-0.18650785108518309
2021-12-15,1,0.4549063205701208,0.6694772107011613,-0.6292514863099146,-1.1076395649137882,-0.2838759594539705
2021-12-16,1,-0.42870345420864453,0.8926409718318307,-0.5778640157365997,0.18244583309039691,-0.5483729398754693
2021-12-17,1,0.9186406001121833,0.6627847342420492,-0.7183655550007285,-1.0114745987901492,-0.5618269447335921
2021-12-18,1,0.2861199962919484,0.4981162521552817,-0.4759375834079457,-0.988635147356304,-0.19617514247151147
2021-12-19,1,-0.2885249274411794,1.0092856867282585,-0.6873371681852997,0.10636028809811682,-0.6231982818623968
2021-12-20,1,-0.08712552262180101,1.1521442356429816,-0.8274216117406045,0.018958514162631723,-0.7326184490450556
2021-12-21,1,0.5350087915301003,0.5197529349478551,-0.5413125380344317,-0.9593785469419198,-0.34339831845910473
2021-12-22,1,0.3991209559417418,0.6385129750776732,-0.596435285312199,-1.0910562287002503,-0.2529010259582726
2021-12-23,1,0.06678449177880404,1.4162246506798546,-1.0422155442247276,-0.18510163412272246,-0.80423560742278
2021-12-24,1,-0.4504455079027819,0.9116425782526014,-0.5866836553010425,0.16137740400906414,-0.5338933730753362
2021-12-25,1,-0.2015567126646299,0.933279261045175,-0.6520586099275286,0.19063400442344808,-0.6811165490629294
2021-12-26,1,-0.36490752351926803,0.7571679008941027,-0.49653979713444896,0.3149055292512658,-0.5970356237805037
2021-12-27,1,-0.5334084396488326,0.904430350655077,-0.5648920037588805,0.1516252038709361,-0.48481898107947174
2021-12-28,1,0.021870153997493827,1.3757596118459812,-1.0049895234447908,-0.15798408336851794,-0.7805004573271486
2021-12-29,1,-1.3644570826520634,0.3760277244301885,-0.04444854765582559,0.30327160065453496,0.07779838313967377
2021-12-30,1,-0.47762307502045365,0.9353945862785651,-0.5977082047565959,0.13504186765739795,-0.5157939145751698
2021-12-31,1,-0.3809286556412632,1.0900425140165348,-0.7248206363341815,0.016819464502452086,-0.561660122961831
2022-01-01,1,-0.6115066742685646,0.25522090483865206,-0.09756322327280706,0.7117095968787692,-0.48839613222078626
2022-01-02,1,-0.6672811340466321,-0.15355542935906447,0.1829146184975208,0.908206922340316,-0.38032377095995196
2022-01-03,1,0.19600591258071992,0.09856276618068077,-0.1798194323216715,-0.6521153029100812,-0.17322066799882152
2022-01-04,1,-0.19068568581756115,0.9237784578347896,-0.6476487901453072,0.20116821896411458,-0.688356332462996
2022-01-05,1,-0.0011028010595519055,0.19110897229220347,-0.20433088849283407,-0.7724767557252066,-0.048128550302258044
2022-01-06,1,0.14308100873841212,0.22453503390802326,-0.25673383114160087,-0.7740407845302835,-0.13179776749385375
2022-01-07,1,-0.025705315539760354,0.05317407536214375,-0.103419928239632,-0.6550363669727992,-0.04409695051139467
2022-01-08,1,-0.2725037953191842,0.6764110736058264,-0.4590563289855672,0.40444635284693026,-0.6585737826810695
2022-01-09,1,-0.6535605512638037,0.3716923693556091,-0.17006780231051505,0.6003183297992332,-0.4542130151158851
2022-01-10,1,-0.41354173618246926,1.118544923647691,-0.7380500956808457,-0.014783179119547074,-0.5399407727616312
2022-01-11,1,0.336469847496793,0.5338308893839625,-0.5109586942967719,-1.0104855908401753,-0.2235301842671762
2022-01-12,1,-0.062323679111465136,0.16489513827390806,-0.17371959738622927,-0.7611605267820019,-0.013533725106526867
2022-01-13,1,-0.18333520482225615,0.19093572191273261,-0.1673623150818421,-0.8077824778124623,0.060879908789570586
2022-01-14,1,0.2575121987812411,0.44340000850583,-0.4320968329546767,-0.9457162747910999,-0.18329966747597992
2022-01-15,1,-0.20506635366608214,-0.1678747702407249,0.07147968612632746,-0.6489369176457862,0.15245690335484008
2022-01-16,1,-0.8492390345110402,0.542706827142547,-0.2494445583905,0.41070246806723754,-0.3238969139146868
2022-01-17,1,0.21917819666789284,0.15802941143532523,-0.22586509266605115,-0.7003012827456185,-0.18247625129431977
2022-01-18,1,0.05353774132439938,0.46222836454713007,-0.40394789910812745,-1.0020904259596883,-0.05981164158401808
2022-01-19,1,0.3868196987016377,0.5695455266126435,-0.5459798051855981,-1.0323360343240466,-0.2508852260628409
2022-01-20,1,0.08214553883510663,0.5169446081965818,-0.4477886495613964,-1.0450092985248924,-0.07268711657954963
2022-01-21,1,-0.1944055606994521,1.3256205194222515,-0.9263851094716408,-0.1556380401609027,-0.654996631539755
2022-01-22,1,0.30500158920001463,0.3221781423836803,-0.35738734402585803,-0.8290579004412308,-0.2211026762809144
2022-01-23,1,-0.5196769520156929,1.0518660507955222,-0.6702127837943039,0.02365060057786217,-0.4816107974702686
2022-01-24,1,0.06440876817146797,0.4527275613367447,-0.3995380793259061,-0.991556211419022,-0.06705142498408467
2022-01-25,1,-0.10151709532063324,0.4383031061416957,-0.3559547762415821,-1.011060611695278,0.031097359007644126
2022-01-26,1,-0.39437473512579513,1.2612302221829435,-0.8411659658251586,-0.1374906751422879,-0.5403524808524613
2022-01-27,1,-0.7047698165644684,0.8947562970652208,-0.5235136105656671,0.12685369632434684,-0.3830503053877097
2022-01-28,1,-0.16579776318874492,1.380336763071703,-0.9702258599249097,-0.19855691272610682,-0.6678721065352865
2022-01-29,1,0.24635576378556462,0.13427740340936156,-0.21484054321049767,-0.6739657463939523,-0.20057570979448613
2022-01-30,1,-0.5334084396488326,0.904430350655077,-0.5648920037588805,0.1516252038709361,-0.48481898107947174
2022-01-31,1,0.411422213181846,0.707480423542703,-0.6468907654388001,-1.149776423076454,-0.25491682585370423
2022-02-01,1,0.5936546169445504,0.7076536739221737,-0.683859338849792,-1.1144707009891983,-0.3639252849455329
2022-02-02,1,-0.01454888054408382,0.36229668045861224,-0.32067621798381096,-0.9267868953699465,-0.026820908192888487
2022-02-03,1,0.23176486205660496,0.5456202682072089,-0.49798668231905263,-1.0413062200596361,-0.15997622547117862
2022-02-04,1,0.5135521459845709,0.8573779496754799,-0.7717982871252749,-1.2627317189610667,-0.30440292594039875
2022-02-05,1,0.13907572570791332,0.3077536871886313,-0.313804040941534,-0.8485623007174867,-0.12295389228918563
2022-02-06,1,-0.8829860324463626,0.43355229483091356,-0.18181318658212975,0.3459834796723035,-0.20578829373541285
2022-02-07,1,0.06584990341481507,0.15338371443793153,-0.20674173846211613,-0.8808966310878832,0.01526998628568646
2022-02-08,1,-0.22796413445495864,0.46909409138571306,-0.35180240382830563,-1.0629496699960717,0.10913088460377483
2022-02-09,1,0.4005511863347774,0.7169812267530884,-0.6513005852210214,-1.1603106376171204,-0.24767704245363764
2022-02-10,1,0.1651084705811573,0.5241568357941062,-0.4695803011035584,-1.0352570983867646,-0.12176150857541412
2022-02-11,1,0.12162436319288257,0.5621600486356482,-0.48721958023244405,-1.0773939565494302,-0.09280237497514776
2022-02-12,1,0.10760746741113499,0.09610094018834903,-0.16023269067062018,-0.6671346103185423,-0.12052638430292384
2022-02-13,1,-1.3003757438140788,0.5591780617993145,-0.1847904385800752,0.15344655387758982,0.05365152495321221
2022-02-14,1,-0.0374248516323375,0.24364134493659323,-0.24863502639321935,-0.9809716692242143,0.08404792858631897
2022-02-15,1,0.28898045707801956,0.6550527555061123,-0.5856681832255906,-1.1271439651900443,-0.1857271754622417
2022-02-16,1,0.21002280836246756,0.5646218746279799,-0.5068063218834954,-1.062374649140969,-0.14549665867104544
2022-02-17,1,0.5187022512594973,0.5340041397634332,-0.5479272677077638,-0.9751798687529196,-0.33253864335900485
2022-02-18,1,0.24692658008278018,0.7715242200230694,-0.6581727622632985,-1.2385352322695802,-0.15154405835734053
2022-02-19,1,0.5064009940193932,0.46503669129840347,-0.4974717875811627,-0.9164596743767157,-0.3305228434635732
2022-02-20,1,-0.512811208199123,1.1255839008657447,-0.7228731738120157,-0.04033670106867471,-0.48000670566566694
2022-02-21,1,0.37051315843103466,0.5837967314282215,-0.5525945348589301,-1.0481373561350462,-0.24002555096274103
2022-02-22,1,0.046671997507829535,0.3885105144769076,-0.35128750909041573,-0.9381031243131515,-0.06141573338861972
2022-02-23,1,0.04009166183986741,0.633416072713539,-0.5202932285991044,-1.1564005656044285,-0.038503999474648526
2022-02-24,1,-0.9816955930161119,1.4556501872369036,-0.8576301245387131,-0.4240535174004609,-0.17392000296743915
2022-02-25,1,0.55560602297981,0.7409064851585228,-0.6992937080875669,-1.151340451881531,-0.33858604304529993
2022-02-26,1,0.12276918543731032,0.3220048920042094,-0.3204187706148661,-0.8643636225284865,-0.11209421718908574
2022-02-27,1,-0.7674209250094172,0.7900742113715102,-0.43803701955024,0.2074243341844218,-0.3536794636966133
2022-02-28,1,0.7487094535895831,0.7315789323276081,-0.7318524617163376,-1.1055005152536086,-0.4548342855371952
2022-03-01,1,0.5962296695820137,0.5459667689661505,-0.5719238291410365,-0.9706947758851248,-0.37799314365483594
2022-03-02,1,0.585358642734945,0.5554675721765359,-0.5763336489232579,-0.9812289904257911,-0.37075336025476935
2022-03-03,1,0.011198456180552332,0.2600764207572333,-0.25478636861943504,-0.8311969501014103,-0.05014435019768976
2022-03-04,1,0.5281430477135306,0.4460350848776326,-0.48865214801671997,-0.8953912452953829,-0.34500241026370626
2022-03-05,1,0.10102713174317292,0.3410064984249804,-0.3292384101793089,-0.8854320516098193,-0.09761465038895256
2022-03-06,1,-0.7562535851634292,0.7213847178937501,-0.40763166852180654,0.11558779503528338,-0.2593059936129707
2022-03-07,1,0.4860891707182913,0.5625065493945896,-0.5611567270544279,-1.0067825123749188,-0.3108192931588052
2022-03-08,1,0.6099611572151534,0.6934024691065956,-0.6772446091764599,-1.0986693791781987,-0.3747849600456328
2022-03-09,1,0.24664117193417245,0.4529008117162155,-0.43650665273689804,-0.9562504893317663,-0.17605988407591333
2022-03-10,1,-0.5884127540995572,0.007716838771934964,0.026866593566223784,-0.8791256087353707,0.39540135534790033
2022-03-11,1,0.4277287534524491,0.693229218727125,-0.640276035765468,-1.1339751012654544,-0.2657765009538041
2022-03-12,1,0.6708966271184589,0.40099289481803707,-0.48618979075666435,-0.8277008651835895,-0.4338956109599369
2022-03-13,1,-0.7388131274987099,0.844790455020962,-0.48187777000350884,0.1645054616192177,-0.36655493869214484
2022-03-14,1,0.26008725141870437,0.2817131035498067,-0.32016132324592117,-0.8019403496870263,-0.19736752618528297
2022-03-15,1,0.13364021228437895,0.312504088793824,-0.3160089508326447,-0.8538294079878199,-0.11933400058915233
2022-03-16,1,0.4915246841418256,0.5577561477893969,-0.5589518171633172,-1.0015154051045856,-0.3144391848588385
2022-03-17,1,0.40312623897224065,0.5552943217970652,-0.539365075512266,-1.0165347125130468,-0.2617449011629408
2022-03-18,1,-0.03486070384518564,0.4597665385547984,-0.3843611574570762,-1.0171097333681496,-0.007117357888120429
2022-03-19,1,-0.023044183783816563,1.3352945730121075,-0.967763502664854,-0.1308665326143134,-0.756765307231517
2022-03-20,1,-0.9565081677383799,0.3383710123475884,-0.1007464153489239,0.4160199029917121,-0.16917766864424988
2022-03-21,1,-1.1930957057364278,0.3857017780200448,-0.08582694084903889,0.32804310820112426,-0.023970292552088407
2022-03-22,1,0.6711820352670668,0.719616303124891,-0.7078559002830647,-1.1099856081214035,-0.4093797852413641
2022-03-23,1,0.585358642734945,0.5554675721765359,-0.5763336489232579,-0.9812289904257911,-0.37075336025476935
2022-03-24,1,0.405415883461096,0.07498400853418796,-0.20576345627710999,-0.5904740444711594,-0.30032858559081654
2022-03-25,1,-0.40581657827007955,0.6334842087796212,-0.40224356655457905,0.4165445961926736,-0.5821443488895404
2022-03-26,1,-0.5090804284669206,0.3459297407040544,-0.19647521371306984,0.4963835473043514,-0.4362689788237716
2022-03-27,1,0.206977113046577,-0.3595915228568,0.1494381918223641,1.2608961159052057,-0.9193186667328003
2022-03-28,1,0.04132575285277203,0.32241952882923336,-0.27630625539232456,0.7791929834431269,-0.873751484787635
2022-03-29,1,-0.22929419122920588,-0.058027646116797615,0.027910700442331043,0.9087819431954187,-0.6349513142347722
2022-03-30,1,0.6136810320970444,0.29156040751913376,-0.39850828985012643,-0.7418631200531813,-0.4081446609688738
2022-03-31,1,0.9020486516929723,0.35841253075077334,-0.50331417514766,-0.7449911776633349,-0.575483095352065
2022-04-01,1,-0.8518140871485035,0.7043937320985705,-0.3613800680992555,0.2669265429631641,-0.30982905520538373
2022-04-02,1,-0.5305479788627616,1.0613668540059076,-0.6746226035765254,0.013116386037195782,-0.474371014070202
2022-04-03,1,-0.41039267759779396,0.07945604544652135,-0.015981557301711385,0.906592565881098,-0.6223321251220179
2022-04-04,1,0.5278576395649226,0.12741167657077868,-0.26698603849031954,-0.613106502357569,-0.3695182359822792
2022-04-05,1,0.20716234757639646,0.40768537127714916,-0.3970757220658505,-0.9238658313072285,-0.1559446256803152
2022-04-06,1,0.2804099795701176,-0.19356885312060784,-0.008814743000043562,-0.5317035224408142,-0.1399736487249147
2022-04-07,1,0.13945040262499803,0.5555357082426182,-0.4582839868787324,0.5917161713713108,-0.9143937096696614
2022-04-08,1,0.9398118375091049,0.006536311207570478,-0.2662136963834848,-0.42583668383318857,-0.6253381629708709
2022-04-09,1,0.5193623363251899,1.1004095691242741,-0.9140733231713628,0.18281386039806408,-1.0994626350209078
2022-04-10,1,0.32940796430009217,0.07064824375401918,-0.1594460311634578,1.0583496687707872,-1.0656057448893992
2022-04-11,1,0.2985105223005295,0.4962423133674446,-0.44920689994534474,0.6752078732941038,-1.014146585465992
2022-04-12,1,0.7535741507159017,0.08958171410870769,-0.28631533277242605,-0.5356639221076476,-0.5074858286743741
2022-04-13,1,-0.19783683778273894,0.5314371994577131,-0.37332229060119504,0.5474402635484654,-0.7144762499861703
2022-04-14,1,-0.3780541003548843,-0.6454818710657171,0.46657565234396536,1.40039394168892,-0.591469873275654
2022-04-15,1,0.5748654824549574,-0.7018983934179457,0.3282418330805016,1.7906845728945395,-1.272308539323408
2022-04-16,1,-0.040492356648850925,0.07505214460027027,-0.0877137942325846,0.9824711173259426,-0.8439689350057086
2022-04-17,1,0.28821350140067287,-0.3716588566673162,0.15651630894281246,1.4422734786500089,-1.0752302957170086
2022-04-18,1,0.6133956239484365,-0.02706300078772017,-0.17684218032372606,-0.45957837711536736,-0.4326604866874465
2022-04-19,1,-0.008243048174418177,-0.5790443846591014,0.31765725182389026,-0.24629072189284668,0.0028489599397038268
2022-04-20,1,0.5003946642986431,-0.16745972371011159,-0.05634447841947268,-0.35715729577142113,-0.3759346032006855
2022-04-21,1,-0.032285651207722366,0.29807963359877504,-0.2724256477483207,-0.873333808264076,-0.021185216597423534
2022-04-22,1,0.5187022512594973,0.5340041397634332,-0.5479272677077638,-0.9751798687529196,-0.33253864335900485
2022-04-23,1,0.5224221261413883,0.13216207817597136,-0.2691909483814302,-0.618373609627902,-0.36589834428224577
2022-04-24,1,-0.29052597413143066,0.2935706184391354,-0.18913964922367651,0.7401841828906148,-0.6774539168041773
2022-04-25,1,0.5633311808921998,0.25584577029045297,-0.36348717896130034,-0.72001267656931,-0.3807896191732091
2022-04-26,1,0.6231218285510776,0.203591352633333,-0.3392331701590826,-0.6620744965956447,-0.4206084278735752
2022-04-27,1,0.4789380187531136,0.17016529101751315,-0.28683022751031584,-0.660510467790568,-0.3369392106819795
2022-04-28,1,0.11189815859024162,0.3315056952145949,-0.32482859039708745,-0.8748978370691529,-0.10485443378901915
2022-04-29,1,0.4652065311199738,0.02272959087706805,-0.18150944747489237,-0.532535864497494,-0.3401473942911827
2022-04-30,1,0.6886333977820975,0.4652099416778743,-0.5344403609921548,-0.88115395228946,-0.43953130255540185
2022-05-01,1,-0.235874526897168,0.18687791211983368,-0.14109501906635757,0.6904845019041419,-0.6120395803208011
2022-05-02,1,0.83768190470638,-0.14336121492520643,-0.14130617469701,-0.31288138794857584,-0.5758520628841765
2022-05-03,1,0.6093903409179378,0.05615565249288784,-0.23391239012365914,-0.5340998933025707,-0.4238166114827784
2022-05-04,1,0.7398426630827619,-0.05785398603173747,-0.1809945527370025,-0.40768931881457365,-0.5106940122835772
2022-05-05,1,0.7224022054180427,-0.18125972315894912,-0.10674845125530019,-0.45660698539850814,-0.4034450672044031
2022-05-06,1,0.7967728499555686,-0.2670449070396878,-0.04700994411714007,-0.21124232100716794,-0.5609607879932131
2022-05-07,1,0.4912392759932178,0.23913273948254304,-0.3372857076369169,-0.7192306621667717,-0.3389550105774112
2022-05-08,1,0.2404355131832951,0.9455883910068337,-0.7499923181827853,0.26573054146575437,-0.9445879675424179
2022-05-09,1,0.7764610266544667,-0.16957504894350173,-0.11069488359040525,-0.301565159005371,-0.5412572376884451
2022-05-10,1,0.8228055948288127,-0.050641758434212925,-0.20278620427916452,-0.3979371186764457,-0.5597684042794416
2022-05-11,1,0.2798282584225905,-0.4530035711600871,0.1868558352801448,-0.14704802581319537,-0.2661027279271966
2022-05-12,1,0.39856104449483754,-0.37654594011026304,0.09455857451321412,-0.3465727535766134,-0.2248352496302819
2022-05-13,1,0.8605687806449451,-0.4025179779774158,0.03431427448501065,-0.07878262484629917,-0.6096234718982475
2022-05-14,1,0.7178152012400167,-0.3574757879178205,0.03185191722495506,-0.14647300495809262,-0.5207302712020169
2022-05-15,1,-0.2430365837126571,0.17234875231698565,-0.11443016029485784,0.8568425572404839,-0.7152569256091118
2022-05-16,1,0.8010635411346753,-0.03164015201344206,-0.2116058438436073,-0.4190055477577785,-0.5452888374793085
2022-05-17,1,0.7956280277111409,-0.026889750408249313,-0.213810753734718,-0.4242726550281117,-0.5416689457792753
2022-05-18,1,0.7478532291437595,-0.22429129259295338,-0.06685413313713631,-0.2586462864401668,-0.5283817626929136
2022-05-19,1,0.5779220826211594,-0.15549709450739435,-0.08034103985274538,-0.3526722029036263,-0.4213891034965166
2022-05-20,1,0.8825962424876904,-0.10289617609133284,-0.1785321954769469,-0.33999893870278036,-0.5995872129798078
2022-05-21,1,1.0201997166176922,0.1754354437611183,-0.39994085763440235,-0.5598604087991341,-0.6603446962574323
2022-05-22,1,0.05505724048591183,0.46985522896967846,-0.381627035427748,0.651218380150053,-0.8705433011784319
2022-05-23,1,0.25580746508990915,-0.3315037500506676,0.0920962172531585,-0.4142631336884068,-0.13594204893405126
2022-05-24,1,0.4388992829484334,-0.8901090646094894,0.44359456298614475,0.11635766535760667,-0.2887581759583907
2022-05-25,1,-0.21986429962548412,0.23181539757163006,-0.1604758206392375,0.8086565774049466,-0.72451250890461
2022-05-26,1,0.34420591025949415,-0.3290419240583357,0.07250947560210716,-0.39924382627994554,-0.18863633262994894
2022-05-27,1,0.9915919191069849,0.12071920011166654,-0.3561001071811334,-0.51694153623393,-0.6474692212619008
2022-05-28,1,0.29364582517421084,1.1382395315863452,-0.8947440288892562,0.10537128014814268,-0.961495042328813
2022-05-29,1,-0.44013439250261754,-0.11291714014572013,0.10872002430659192,0.9163950936733671,-0.513067380147412
2022-05-30,1,-0.5093658366155284,0.02730633239720054,0.025190895813330588,0.7786682902421653,-0.4607848045423444
2022-05-31,1,0.8428320099813066,-0.466735024837253,0.08256484472050105,-0.02532953774042862,-0.6039877803027826
2022-06-01,1,0.5913681621056913,-0.3266848026738031,0.03600428963823152,-0.19836206325888633,-0.44269674560588623
2022-06-02,1,0.4065607057055237,-0.16517114809725064,-0.03896264665953206,-0.3774437104502156,-0.3196204278047545
2022-06-03,1,0.7695952828378969,-0.24329289901372425,-0.05803449357269355,-0.23757785735883402,-0.5428613294930468
2022-06-04,1,1.096296904547173,0.10892982128842021,-0.36907211915885263,-0.48612090701446914,-0.7110231800578982
2022-06-05,1,-0.23359578725862393,0.08437969743118495,-0.05515504060381407,0.9366311806980203,-0.7277206925138132
2022-06-06,1,1.3380345478201474,-0.2617747542960828,-0.1601205742412266,-0.11059226201573408,-0.884366273568666
2022-06-07,1,1.3105715725538678,-0.5566461545769732,0.05052098582962025,0.1453569445704137,-0.8907826407870721
2022-06-08,1,1.2905451574013738,-0.14055288817393308,-0.23483006317004526,-0.22725063636560322,-0.8465632647637314
2022-06-09,1,1.19900084329711,-0.6185746258239493,0.11615338782505127,0.17852361699748986,-0.8288327737956763
2022-06-10,1,0.9378107908188537,-0.7091787570815526,0.2319838225781383,0.2079872109593095,-0.6795937979126513
2022-06-11,1,0.21746255812624948,-0.23906224854694397,0.05066631676917163,-0.3487621308909343,-0.2122160605175274
2022-06-12,1,-0.06194900219438049,0.41267715932789506,-0.3181995433234277,0.6791179453067959,-0.8049735424870027
2022-06-13,1,0.9177952805166711,-0.6708975892527409,0.19429441435108516,0.015293619271301517,-0.5582769941241742
2022-06-14,1,0.6769170513395167,-0.8589715786065304,0.3738097885774373,0.13508005123132427,-0.4287415685459174
2022-06-15,1,0.7384124326897263,-0.13632223770715268,-0.1261292528281801,-0.3384349098977035,-0.5159179957882122
2022-06-16,1,0.9669894046267764,-0.017215696818393078,-0.2551891469279314,-0.3995011474815225,-0.6434376214710374
2022-06-17,1,0.8797357817016193,-0.25983267944216343,-0.06880159565930208,-0.2014901208690399,-0.6100351799890776
2022-06-18,1,0.10540709169075642,0.5055698661983593,-0.4166481463165742,0.6293679366661816,-0.8978983429740964
2022-06-19,1,0.47759705712855494,0.02085565208923107,-0.15477876401229151,1.1313071561529136,-1.158118837285663
2022-06-20,1,-0.27822471689132644,0.3625380669041653,-0.23959512935027755,0.681463988514411,-0.679469716699609
2022-06-21,1,1.0985865490360285,-0.37138049197445694,-0.03547049992369675,-0.0600602389725815,-0.7496068644857742
2022-06-22,1,1.0562472638921814,-0.5735324357643539,0.1136910305649956,0.11083323688569652,-0.7399395730994459
2022-06-23,1,1.4250027625966968,-0.3377811799791663,-0.12484201598345554,-0.026318545690402706,-0.9422845407691985
2022-06-24,1,1.3706476283613536,-0.2902771639272392,-0.14689111489456244,-0.07898961839373475,-0.9060856237688656
2022-06-25,1,0.4949700557254202,-0.5405214206791473,0.18911225246202898,-0.18251041379374539,-0.2952172837355159
2022-06-26,1,-0.23302497096140826,0.7216265140448928,-0.4984872596566148,0.3720616948223926,-0.6786890410766676
2022-06-27,1,-1.070939357781209,0.11950603774978164,0.07461658646415184,0.5876953932525285,-0.11767576866212359
2022-06-28,1,1.3760831417848878,-0.29502756553243165,-0.14468620500345178,-0.07372251112340167,-0.909705515468899
2022-06-29,1,1.0093286897706235,0.18493624697150374,-0.4043506774166238,-0.5703946233398005,-0.6531049128573657
2022-06-30,1,0.7970582581041765,0.051578501267165955,-0.2686760536435404,-0.49352706394498186,-0.5364449622746403
2022-07-01,1,1.126908938398128,-0.6352876566318593,0.14235485914943466,0.1793056314000282,-0.7869981651998784
2022-07-02,1,0.3261728265969363,-0.3340702806507984,0.09476451459138549,-0.24341998548426996,-0.2846138945181932
2022-07-03,1,-0.749958657644075,0.15785575135026497,-0.01695983948671756,0.6161699792643741,-0.30673355324551477
2022-07-04,1,-0.8260667504238671,0.6021734723971915,-0.29549021873487963,0.36251648823170024,-0.33315249721018503
2022-07-05,1,0.9363805604258181,-0.7876470087569678,0.2868491224869606,0.2772416198761797,-0.6848177814172863
2022-07-06,1,0.979005253718273,-0.2668716566602171,-0.08397851752813199,-0.17593659891991226,-0.6699692470850419
2022-07-07,1,1.218167844353784,-0.47588932728869676,0.01303751768073852,0.05581612097474914,-0.8292444818865065
2022-07-08,1,0.9014778353957565,-0.2788342858629342,-0.05998195609485932,-0.18042169178770712,-0.6245147467892106
2022-07-09,1,0.7684504605934692,-0.003137742382285702,-0.22483530319027148,-0.45060819137977776,-0.5235694872791088
2022-07-10,1,-0.3949455514230108,0.6239834055692357,-0.3978337467723576,0.42707881073334,-0.589384132289607
2022-07-11,1,0.5724865691976251,-0.15074669290220166,-0.0825459497438561,-0.3579393101739596,-0.4177692117964834
2022-07-12,1,1.053957619403326,-0.09322212250147666,-0.21991058867016022,-0.31522743115619106,-0.70135588867157
2022-07-13,1,0.15367753228718434,-0.48140127618344447,0.21700373893963318,-0.30130783780379405,-0.08645594884735675
2022-07-14,1,0.7861872312571078,0.061079304477551416,-0.27308587342576185,-0.5040612784856484,-0.5292051788745737
2022-07-15,1,1.2401953061965292,-0.1762675254026138,-0.1998089522812191,-0.205400192881732,-0.819208222968067
2022-07-16,1,-0.05079256719870395,0.7217997644243634,-0.5354558330676067,0.40736741690964834,-0.7876975001684963
2022-07-17,1,-0.1949763769966679,0.6883737028085437,-0.4830528904188399,0.4089314457147251,-0.7040282829769007
2022-07-18,1,0.5739167995906607,-0.0722784412267864,-0.13741124965267848,-0.42719371909082965,-0.4125452282918485
2022-07-19,1,0.4011360971323008,-0.5382328450662863,0.20649408422196966,-0.20279682847253983,-0.23890310833958495
2022-07-20,1,-1.1836549092823947,0.29773272313424404,-0.026551821157995065,0.4078317316586609,-0.03643405945678982
2022-07-21,1,-0.031700740410198935,-0.9571344382205997,0.5853690216946702,0.08418000088050454,-0.012411282483370728
2022-07-22,1,0.13050524820001141,-0.5408679214380889,0.26304939928401294,-0.25312185796825676,-0.0772003655518585
2022-07-23,1,-0.004237765143919436,-0.6622630379397094,0.3747274616238233,-0.1717692057056434,-0.005994915264964401
2022-07-24,1,-0.8560938734772988,0.09117687849809614,0.050877472399824014,0.6546037589617835,-0.24840357795415202
2022-07-25,1,-0.06831910398190372,-0.8454133753088353,0.515069352548073,-0.02194415892869811,0.01815194292149716
2022-07-26,1,0.19945128416431446,-0.9997148022878635,0.5682446373036745,0.16688968840075913,-0.15399876687549896
2022-07-27,1,-0.19734119575369244,-0.6529354851087947,0.4072862152525939,-0.2176091423335655,0.11025332722693092
2022-07-28,1,-0.11866895518674825,-0.8811280125375163,0.550090463436899,-9.371544482683625e-05,0.04550698471716183
2022-07-29,1,0.2583825177273724,-0.49319065500669085,0.20403172696191393,-0.2704872085843332,-0.15000990764335442
2022-07-30,1,-0.6343826453568183,0.1365655693166331,-0.025522031682215368,0.6575248230245014,-0.3775272954415788
2022-07-31,1,-0.7379428085525787,-0.09180020849155907,0.15425078991308175,0.8397345278259843,-0.33326517885951923
2022-08-01,1,-0.7325072951290442,-0.09655061009675175,0.1564556998041924,0.8450016350963176,-0.3368850705595525
2022-08-02,1,-0.30462123383134376,-0.4794592013295251,0.3083227175215576,-0.39220569665709987,0.18787514473223155
2022-08-03,1,-0.36326705924579383,-0.6673599403038437,0.4508695183369179,-0.23711354260982148,0.20840211121865976
2022-08-04,1,-0.0834808220080791,-1.0713173271246959,0.6752554324923188,0.175284853281246,0.009719775807659065
2022-08-05,1,-0.4422247079613457,-0.7577908211819762,0.5297313796790131,-0.17234422656074616,0.24863262800985603
2022-08-06,1,-0.060023129772298345,-0.6932272735631975,0.40754366262153885,-0.15518586949210528,0.02498001823073362
2022-08-07,1,-0.9032978557474646,0.5310221529270998,-0.24549812605539492,0.2556606416741004,-0.18608474343064474
2022-08-08,1,-0.1100875728285351,-0.4103185024850244,0.22089866398396482,-0.415620168946048,0.07685088574497115
2022-08-09,1,-0.425632759542135,-0.4534186176907004,0.31467999982594486,-0.4388276476875604,0.26228877862832894
2022-08-10,1,-0.3154922606784124,-0.4699583981191395,0.3039128977393363,-0.40273991119776625,0.19511492813229814
2022-08-11,1,-0.6201664205449433,-0.5225593165352012,0.4021040533635377,-0.4154131753986123,0.3733130376155893
2022-08-12,1,-0.18103465548308936,-0.667186689924373,0.413900944925926,-0.2018078205225658,0.09939365212683103
2022-08-13,1,-0.6158757293658368,-0.2871545615089552,0.23750815363707065,-0.623176402149223,0.388984988129494
2022-08-14,1,-1.153616881378652,0.430917218459111,-0.1252578715200865,0.29565845017658654,-0.044085550947686514
2022-08-15,1,-1.316682284084682,0.5734292666148927,-0.1914051682534073,0.13764523206659013,0.0645112000533121
2022-08-16,1,-0.056017846741799604,-0.7764459268438055,0.464613872421472,-0.08066435330490185,0.016136143026065447
2022-08-17,1,-0.029985101868555575,-0.5600427782383306,0.3088376122594475,-0.26735915097417956,0.017328526739836952
2022-08-18,1,0.13050524820001141,-0.5408679214380889,0.26304939928401294,-0.25312185796825676,-0.0772003655518585
2022-08-19,1,-0.20821222260076108,-0.6434346818984094,0.4028763954703726,-0.22814335687423187,0.11749311062699751
2022-08-20,1,-0.39588013978699976,-0.6388575306726874,0.4376400589902537,-0.26871618623182075,0.23012146141885947
2022-08-21,1,-1.3387097459274273,0.2738074647288096,0.021441301708550214,0.3988615459230712,0.05447494113487236
2022-08-22,1,-0.41075644966456726,-0.5461380741816939,0.37616002940809923,-0.3537719169596906,0.24620512002359424
2022-08-23,1,-0.3970249620314277,-0.3987023740412487,0.270839249372676,-0.4817465202527645,0.2494133036327974
2022-08-24,1,-0.4353589641447757,-0.6840729711117537,0.47707098966130135,-0.23633152820728304,0.25023671981445755
2022-08-25,1,-0.27744366671367204,-0.5032112093554886,0.31934726697711113,-0.3658701603054339,0.16977568623206513
2022-08-26,1,-0.19448073496762128,-0.49599898175796414,0.297555615434949,-0.35611796016730585,0.12070129423620067
2022-08-27,1,-0.35497108503618846,-0.5151738385582059,0.3433438284103838,-0.37035525317322854,0.21523018652789622
2022-08-28,1,-1.1742141128283616,0.20976366824844334,0.0327232985330487,0.4876203551161975,-0.0488978263614912
2022-08-29,1,-0.3386645447655854,-0.5294250433737842,0.3499585580837159,-0.35455393136222896,0.20437051142779633
2022-08-30,1,-0.18904522154408696,-0.5007493833631569,0.2997605253260598,-0.35085085289697265,0.11708140253616738
2022-08-31,1,-0.25312656038207126,-0.6838997207322828,0.44010241625030944,-0.20102580612002735,0.14122826072262895
2022-09-01,1,-0.9321910614067795,0.15768250097079423,0.020008733924274408,0.5808642571771185,-0.197725094153686
2022-09-02,1,-0.3237882348880178,-0.6221444998647776,0.4114385876658704,-0.2694982006343592,0.18828685282306162
2022-09-03,1,-0.4459445828432367,-0.3559487595945143,0.2509950603526797,-0.5291504856857634,0.281992328933097
2022-09-04,1,-1.0570484825543447,-0.08121223608790468,0.21207065756377477,0.7588643799319271,-0.10438590791735669
2022-09-05,1,-1.050627534480107,0.022036179653595445,0.13830152593741699,0.6780182312507316,-0.1373793189668917
2022-09-06,1,-0.3289383401629443,-0.2987706899527309,0.1875675682483595,-0.5570500508425063,0.21642257024166772
2022-09-07,1,-0.48971409838011914,-0.6365689550598266,0.4550218907501944,-0.2890026009106152,0.2864356368147904
2022-09-08,1,-0.3020461811938805,-0.6411461062855484,0.42025822723031314,-0.2484297715530263,0.1738072860229285
2022-09-09,1,-0.13755054809481457,-0.7051899027659148,0.4315402240548115,-0.15967096235990014,0.07043451852656477
2022-09-10,1,-0.8343518197831612,0.07217527207732516,0.059697111964266886,0.6756721880431164,-0.2628831447542852
2022-09-11,1,-1.1158536955625193,0.07904099891590816,0.1118426072440887,0.6148129440067329,-0.09394061856649227
2022-09-12,1,-0.33208420909762315,-0.7743306016104154,0.5189642775924045,-0.13625649007095203,0.1814587775138251
2022-09-13,1,-0.4814181241705138,-0.48438285331418857,0.3474962008236603,-0.42224431147402236,0.29326371212402697
2022-09-14,1,-0.8111795356959883,0.13164191733196962,0.01365145161988715,0.627486208207579,-0.27213872804978345
2022-09-15,1,0.04353703342346195,-0.4648614957550053,0.22777084102624176,-0.3373955742935882,-0.01928209835132602
2022-09-16,1,-0.8045992000280263,-0.11326364090466173,0.18265717112857585,0.845783649498856,-0.2950504619637546
2022-09-17,1,-0.6727166474701666,-0.14880502775387178,0.18070970860641014,0.9029398150699828,-0.37670387925991866
2022-09-18,1,-0.8045992000280263,-0.11326364090466173,0.18265717112857585,0.845783649498856,-0.2950504619637546
2022-09-19,1,-0.7107652414349069,-0.11555221651752262,0.16527533936863528,0.8660700641776504,-0.3513646373596857
2022-09-20,1,-0.7555201916224926,-0.5041712293295275,0.4452762112836185,1.1923312049043273,-0.3175478101284904
2022-09-21,1,0.03638588145828421,-0.8572027541320819,0.5020973405703537,0.008876470290762828,-0.04540201587450038
2022-09-22,1,0.019093906536978025,-0.9509503666631964,0.5714566524144902,0.07918840443129188,-0.005168821424898801
2022-09-23,1,-0.022259943956165762,-1.0451034931064005,0.644644141385714,0.16396862433804105,-0.024875049388072196
2022-09-24,1,-0.7176309852514767,-0.1892700665877452,0.2179357293863469,0.9300573658241873,-0.35296872916428723
2022-09-25,1,-0.9825409126116241,0.12196786374211338,0.05502984481310061,0.6027147006609898,-0.17037005235802138
2022-09-26,1,-0.33256894627635836,0.03222998438186403,-0.013982587488772097,0.8087069050590878,-0.5661733719341399
2022-09-27,1,-0.04657705028776643,-0.8644149817296063,0.5238889921125157,-0.0008757298473652808,0.003672376121364035
2022-09-28,1,-0.007098225929990487,-0.81919954129054,0.4844580614414682,-0.033260387871902886,-0.016442882274234155
2022-09-29,1,-0.01796925277705924,-0.8096987380801546,0.48004824165924687,-0.04379460241256933,-0.009203098874167565
2022-09-30,1,0.000912340131007161,-0.9856368478517561,0.5985984810413344,0.1157826445025038,-0.034130632683570444
2022-10-01,1,-0.2604770413773764,0.04894301518977401,-0.04018405881315554,0.8079248906565495,-0.6080079805299377
2022-10-02,1,-0.7934427650323498,0.19585896419180676,-0.034599118615603136,0.5740331211017085,-0.2777744196452484
2022-10-03,1,0.018649110794645665,-0.921419800991919,0.550347910805844,0.06232955739663332,-0.0397663242790354
2022-10-04,1,0.23378000324716391,-0.6311255519367507,0.30494268721511597,-0.15304681983192564,-0.145978307852491
2022-10-05,1,0.1316500704444391,-0.7810230780695275,0.42985020890159065,-0.04009152394731297,-0.09649220776579648
2022-10-06,1,0.03896093409574754,-1.0188896590881051,0.6140328502791091,0.15265239539483622,-0.05946987458380337
2022-10-07,1,-0.4161919630881017,-0.5413876725765012,0.37395511951698857,-0.3590390242300238,0.24982501172362753
2022-10-08,1,-0.4582458400833409,-0.42491620805954416,0.30145054047928066,-0.47043029130955966,0.28400812882852866
2022-10-09,1,-1.3902044193766996,0.47824798413156744,-0.11033839702020143,0.20768165538599875,0.10112182514447508
2022-10-10,1,-0.16301247667084293,-0.2843462347576819,0.14398426516403548,-0.5375456505662504,0.11827378624993888
2022-10-11,1,-0.29918572040780933,-0.48420960293471776,0.31052762741266826,-0.3869385893867667,0.18425525303219825
2022-10-12,1,-0.4310682729656692,-0.4486682160855077,0.3124750899348341,-0.4440947549578936,0.26590867032836224
2022-10-13,1,-0.36870257266932804,-0.662609538698651,0.44866460844580724,-0.24238064988015467,0.21202200291869305
2022-10-14,1,-0.08577046649693448,-0.5910070138618186,0.34165381325716293,-0.25077581476064154,0.04830346023553492
2022-10-15,1,-1.064073613964639,0.19322388782000416,0.021956196446440118,0.5237080916059915,-0.11607167685752207
2022-10-16,1,-1.122719439379089,0.005323148845685466,0.16450299726180043,0.67880024565327,-0.09554471037109391
2022-10-17,1,-0.7811415077922454,0.26482641265683654,-0.08505459874220409,0.5153129267255047,-0.2797902195406802
2022-10-18,1,-0.8209057402986293,-0.09901243608908356,0.17604244145524375,0.8299823276878564,-0.28419078686365473
2022-10-19,1,-0.13898077848785015,-0.7836581544413299,0.4864055239636339,-0.09041655344302985,0.06521053502192989
2022-10-20,1,0.06070298778988488,-1.0378912655088761,0.622852489843552,0.1737208244761691,-0.07394944138393655
2022-10-21,1,0.04439644751928186,-1.0236400606932978,0.6162377601702199,0.15791950266516952,-0.06308976628383667
2022-10-22,1,-0.149566397186311,-0.4555339429240906,0.2603295946550124,-0.38323551092151026,0.0969661441405693
2022-10-23,1,-1.260037505360483,0.04561493730008831,0.16424554989285559,0.6163769728118098,-0.0102714013748966
2022-10-24,1,-0.18647016890662368,-0.6624362883191803,0.41169603503481533,-0.207074927792899,0.10301354382686433
2022-10-25,1,-0.07375461740543815,-0.8406629737036426,0.5128644426569623,-0.027211266199031303,0.021771834621530456
2022-10-26,1,0.30301144736007485,-0.7713490244796712,0.3884718157083774,-0.015320016400723668,-0.19826088345755855
2022-10-27,1,0.23378000324716391,-0.6311255519367507,0.30494268721511597,-0.15304681983192564,-0.145978307852491
2022-10-28,1,0.15596717677603972,-0.9617115894463217,0.550605358174789,0.12475283023809353,-0.1250396332752327
2022-10-29,1,0.11133824714333736,-0.6835532199733414,0.3661652694283255,-0.13041436194551598,-0.07678865746102848
2022-10-30,1,-1.1347352884705855,0.25497910868750956,-0.006707632137998826,0.4552356970916598,-0.06901308475708934
2022-10-31,1,-0.09905715838774187,-0.7679732796735412,0.46808333490123244,-0.105942364432909,0.0796927794804684
2022-11-01,1,-0.21221750563125982,-0.5602160286178013,0.3458061856704394,-0.30266487306143525,0.1263369858316657
2022-11-02,1,0.14509614992897105,-0.9522107862359361,0.5461955383925676,0.11421861569742703,-0.11779984987516612
2022-11-03,1,-0.3157776688270201,-0.7885818064259935,0.5255790072657366,-0.12045516825995234,0.17059910241372528
2022-11-04,1,0.3951297674115507,-1.1707292600748014,0.6476213933836594,0.35650555013275476,-0.28431486807669726
2022-11-05,1,-1.2843546116920839,0.22630344867688246,0.04349040061965717,0.45153261862640337,0.01827602413453952
2022-11-07,1,-1.3249782582942873,0.4212431648692548,-0.08387947832687312,0.27088694262999735,0.05768312474407564
2022-11-08,1,-0.10379264530918075,-0.9738474690285097,0.6115704930190536,0.08496201528304298,0.029423326112427067
2022-11-09,1,0.10590273371980298,-0.6788028183681485,0.36396035953721484,-0.13568146921584928,-0.07316876576099518
2022-11-10,1,0.08816596305616438,-0.7430198652279856,0.4122109297727051,-0.08222838210997868,-0.06753307416553023
2022-11-11,1,-0.3559565196868917,-0.6231726559048989,0.41931786992785225,-0.2842419972216999,0.24460370587739794
2022-11-12,1,-0.2502660995960003,-0.5269632173814522,0.33037181643266456,-0.3395346239537677,0.1516762277318987
2022-11-13,1,-1.087245898051812,0.1337572425653598,0.06800185679081974,0.5718940714415288,-0.10681609356202382
2022-11-14,1,-0.7771362247617467,0.18160775937622858,-0.027984388942271038,0.589834442912708,-0.2886340947453483
2022-11-15,1,-0.0640284128027972,-0.6100086202825896,0.3504734528216057,-0.22970738567930865,0.03382389343540179
2022-11-16,1,0.3439205021108863,-0.6476653323651897,0.2941755851285074,-0.11695908334213162,-0.21315215834852186
2022-11-17,1,-0.18360970812055263,-0.5054997849683496,0.30196543521717045,-0.34558374562663935,0.11346151083613408
2022-11-18,1,-0.17302408942209166,-0.8336239964855889,0.5280413645257922,-0.05276478814815899,0.08170590171749473
2022-11-19,1,0.27840893287986634,-0.909283921409731,0.4893827759615793,0.10212037235168386,-0.19422928366669523
2022-11-20,1,-0.8603845646564053,-0.14422787652814978,0.21547337212629128,0.862366985712394,-0.2640755284680567
2022-11-21,1,0.3121668356655001,-1.1779414876723258,0.6694130449258214,0.3467533499946267,-0.23524047608083276
2022-11-22,1,-0.22194371023390078,-0.7908703820388545,0.5081971755057959,-0.1001687535811579,0.11428492701779429
2022-11-23,1,0.19287094849635245,-0.7548092440512322,0.3992389177949859,-0.0514077528905178,-0.1310870329615278
2022-11-24,1,0.2074618502253121,-1.1661521088490794,0.6823850569035407,0.3159327207751659,-0.1716865172848353
2022-11-25,1,0.5825122764491817,-1.4939298196073771,0.8345238393901784,0.6793631224281579,-0.421459044587132
2022-11-26,1,-0.005667995536954962,-0.7407312896151248,0.4295927615326458,-0.10251479678877312,-0.011218898769599223
2022-11-27,1,-0.5342537592443447,-0.429251972839713,0.34776796559293277,1.1783934219323866,-0.48126903047005387
2022-11-28,1,0.5541898870870822,-1.2300226549499749,0.6566984803170471,0.43999725205554785,-0.38406774387302767
2022-11-29,1,0.36509173950780804,-1.3039137553996685,0.7463274437457508,0.46867883161482904,-0.27666337658580065
2022-11-30,1,0.09045560754501981,-1.223330178490863,0.745812549007861,0.34383228593190873,-0.10611675859340608
2022-12-01,1,1.079145044681058,-1.2105012973907918,0.5369731205196285,0.524845989235982,-0.6966135543483806
2022-12-02,1,0.3639469172633803,-1.0637585987682299,0.5795266341281728,0.2556484975938853,-0.25737153437186266
2022-12-03,1,-0.7476690131552195,-0.3224545619126122,0.3166417797484381,1.0422306473062617,-0.3453172376733906
2022-12-04,1,-0.31111230073082885,-0.3053950303457606,0.21650316160207098,1.1120600770782345,-0.6051687644528458
2022-12-05,1,0.03253998602151005,-1.1221380748296053,0.687801981905467,0.23349854407603177,-0.02647646353426844
2022-12-06,1,0.46893731085217616,-0.7569245692846223,0.3448885126240533,0.004184383875532327,-0.29640966744928743
2022-12-07,1,-0.6908315241240363,-0.2722306927915507,0.2705764055029546,1.0037297010769681,-0.35527862881746064
2022-12-08,1,0.2298639889851421,-0.6187482859090094,0.32505864100438464,1.4949948790074823,-0.9530900757468715
2022-12-09,1,0.6182712259250667,-1.046872317580849,0.5163565893927976,0.29017220527860255,-0.4082146020594891
2022-12-10,1,-0.5871786630866527,-0.3032797051123705,0.27085356677300354,1.0564679403121844,-0.4398461299650861
2022-12-11,1,-0.5363840161394756,-0.2970956335549672,0.2569411974928234,1.0514763438629717,-0.43260366890661417
2022-12-12,1,0.40600079425861935,-1.1802300632851868,0.6520312131658809,0.36703976467342125,-0.29155465147676385
2022-12-13,1,0.11362789163219279,-1.1638635332362186,0.6997668886634814,0.29564630609637144,-0.11537234188890433
2022-12-14,1,0.4672216723105328,-1.1540162292668914,0.6214199220592761,0.3557235357302164,-0.32614947667249505
2022-12-15,1,0.17370394743967832,-0.8974945425864844,0.5023547879392986,0.07129974313222293,-0.13067532487069766
2022-12-16,1,0.23349459509855613,-0.9497489602436044,0.5266087967415163,0.12923792310588822,-0.1704941335710638
2022-12-17,1,-0.30281632652122337,-0.15320892860012286,0.10897747167553687,0.9788183665148273,-0.5983406891436094
2022-12-18,1,-0.5382590422748434,-0.34603331955910493,0.2906977557929996,1.1038719057451833,-0.47242515526538564
2022-12-19,1,-0.2513216530719511,-0.3576494480028806,0.2407571704042886,1.1699982570518999,-0.644987573153212
2022-12-20,1,-0.6632758510161333,-0.23677408263967242,0.23998482829745385,0.9827284385275195,-0.3891676461646201
2022-12-21,1,-0.1823756171076479,-0.8164963288526552,0.5459524084239503,1.5900098034209156,-0.7217859744768524
2022-12-22,1,-0.37376340917577777,-0.41007711603947133,0.3019797526174982,1.1926307149383095,-0.5757979227617495
2022-12-23,1,-0.37519363956881324,-0.4885453677148865,0.3568450525263206,1.2618851238551796,-0.5810219062663843
2022-12-24,1,-0.399225337751806,0.010766551968761362,0.014423793726722006,0.8147560267319595,-0.5279586550383752
2022-12-25,1,-0.11527442988986797,-0.82456346211083,0.5386547688171023,1.6008195287827027,-0.7254031885184802
2022-12-26,1,-0.7556795792162171,-0.15601725535139616,0.20250136014857203,0.8931876149318547,-0.3276294872640543
2022-12-27,1,-0.8618147950494407,-0.22269612820356505,0.27033867203511364,0.9316213946292642,-0.26929951197269164
2022-12-28,1,-0.8767803736954852,-0.05913528445970473,0.1316724788637574,-0.8759975511252172,0.5627397897310916
2022-12-29,1,-0.762634591801264,-0.1588937181687518,0.17797558657708198,-0.7653882984482197,0.48672206403039264
2022-12-30,1,-0.8955025790098269,-0.23135114866623468,0.25589709061671617,-0.7364312080678179,0.5977490006760584
2022-12-31,1,-1.4304360266417915,0.12604190446067243,0.1151886062490988,-1.1528753597771464,0.9284664597675418
2023-01-01,1,-0.7628191616975927,-0.4143040153014635,0.36948504843269214,0.3315196822982584,0.04625719600860989
2023-01-02,1,-0.6117696080830589,-0.30716010361542107,0.26442171576621365,0.2659683518466447,-0.03580792937838417
2023-01-03,1,-0.7628191616975927,-0.4143040153014635,0.36948504843269214,0.3315196822982584,0.04625719600860989
2023-01-04,1,-0.5614197568782143,-0.2714454663867402,0.22940060487738748,0.2441179083627734,-0.06316297117404873
2023-01-05,1,-0.8131690129024375,-0.4500186525301442,0.40450615932151834,0.3533701257821296,0.07361223780427462
2023-01-06,1,-0.7124693104927481,-0.37858937807278265,0.33446393754386594,0.3096692388143871,0.01890215421294522
2023-01-07,1,-0.7124693104927481,-0.37858937807278265,0.33446393754386594,0.3096692388143871,0.01890215421294522
2023-01-08,1,-0.7124693104927481,-0.37858937807278265,0.33446393754386594,0.3096692388143871,0.01890215421294522
2023-01-09,1,-0.7120245147504157,-0.4081199437440603,0.355572679152512,0.3265280858490457,0.053499657067081874
2023-01-10,1,-0.5614197568782143,-0.2714454663867402,0.22940060487738748,0.2441179083627734,-0.06316297117404873
2023-01-11,1,-0.6117696080830589,-0.30716010361542107,0.26442171576621365,0.2659683518466447,-0.03580792937838417
2023-01-12,1,-0.6117696080830589,-0.30716010361542107,0.26442171576621365,0.2659683518466447,-0.03580792937838417
2023-01-13,1,-0.7628191616975927,-0.4143040153014635,0.36948504843269214,0.3315196822982584,0.04625719600860989
2023-01-14,1,-0.7628191616975927,-0.4143040153014635,0.36948504843269214,0.3315196822982584,0.04625719600860989
2023-01-15,1,-0.6117696080830589,-0.30716010361542107,0.26442171576621365,0.2659683518466447,-0.03580792937838417
2023-01-16,1,-0.6621194592879035,-0.3428747408441018,0.29944282665503985,0.2878187953305159,-0.008452887582719448
2023-01-17,1,-0.7124693104927481,-0.37858937807278265,0.33446393754386594,0.3096692388143871,0.01890215421294522
2023-01-18,1,-0.6117696080830589,-0.30716010361542107,0.26442171576621365,0.2659683518466447,-0.03580792937838417
2023-01-19,1,-1.089820950689275,0.2954441475213831,-0.04393365291793569,0.42811814633745526,-0.09274823485272077
2023-01-20,1,-0.9988474528822272,0.13621906855769156,0.04841511513976851,0.5869133788499901,-0.1595103772579215
2023-01-21,1,-1.1224340312304812,0.32394655715253945,-0.057163112264599886,0.39651550271545605,-0.07102888465252111
2023-01-22,1,-0.9700802677777952,-0.15721866177098826,0.24734921582154581,0.8431380962572586,-0.1623041751178892
2023-01-23,1,-1.3481505423814604,0.3617765196146104,-0.037833817982493495,0.31907292246553465,0.06693870803957389
2023-01-24,1,-1.2909349473600458,0.4712090069135138,-0.1255153188890314,0.2332351773351264,0.0411877580485108
2023-01-25,1,-1.2340047604872393,0.26201808590556325,0.008469289730831081,0.42968217514253215,-0.009079017661125094
2023-01-26,1,-1.4216726776734776,0.26659523713128513,0.04323295325071233,0.3891093457849432,0.10354933313073687
2023-01-27,1,-1.1716390601908981,0.04807676329242,0.14465880824180424,0.6313962802202711,-0.06296568507079436
2023-01-28,1,-1.2394402739107735,0.26676848751075594,0.006264379839720308,0.42441506787219896,-0.005459125961091799
2023-01-29,1,-0.9093041854682146,-0.10147426208141525,0.19562918310629498,0.8149630202793952,-0.23149650316775716
2023-01-30,1,-1.1115630043834124,0.31444575394215396,-0.05275329248237845,0.40704971725612243,-0.07826866805258759
2023-01-31,1,-1.1046972605668428,0.38816360401237654,-0.10541368250009028,0.3430624156095855,-0.07666457624798606
2023-02-01,1,-1.2297140693081328,0.4974228409318091,-0.15612660999563618,0.22191894839192156,0.006592932852779482
2023-02-02,1,-1.1347352884705855,0.25497910868750956,-0.006707632137998826,0.4552356970916598,-0.06901308475708934
2023-02-03,1,-0.9484976016773826,0.1719337057863724,0.01339400425094231,0.5650629353661187,-0.1868654190535861
2023-02-04,1,-1.2108324764000662,0.32148473116020765,-0.03757637061354854,0.38149619530699475,-0.018334600956623343
2023-02-05,1,-0.9839711430046595,0.04349961206669811,0.109895144721923,0.6719691095778599,-0.1755940358626562
2023-02-06,1,-0.8177598713639503,0.3765474755686009,-0.1553542678888014,0.40918876691630196,-0.24922699413581229
2023-02-07,1,-1.2595927096181507,0.016084371628810656,0.18535429150150154,0.6332358198464684,0.024326101479239942
2023-02-08,1,-1.1155682874139117,0.39766440722276203,-0.10982350228231164,0.3325282010689191,-0.06942479284791947
2023-02-09,1,-0.9771053991880899,0.11721746213692064,0.05723475470421127,0.607981807931323,-0.17398994405805468
2023-02-10,1,-0.6086353086321821,0.03434530961525423,0.040367817682160495,0.7531147682930377,-0.4008507374463801
2023-02-11,1,-1.107557721352914,0.23122710066154595,0.004316917317554597,0.48157123344332586,-0.08711254325725581
2023-02-12,1,-1.0397565076330386,0.012535376443210067,0.14271134571963842,0.688552445791398,-0.1446191023669583
2023-02-13,1,-0.03828107607816106,-0.7122288799839684,0.4163633021859816,-0.1341174404107725,0.010500451430600494
2023-02-14,1,0.1004672202962686,-0.6740524167629558,0.36175544964610407,-0.14094857648618248,-0.06954887406096188
2023-02-15,1,0.2417905693081615,-0.7975628584979666,0.4190831068149822,-0.0040037874575188925,-0.16366605826182734
2023-02-16,1,0.08673573266312891,-0.821488116903401,0.4670762296815275,-0.012973973193108446,-0.07275705767016505
2023-02-17,1,-0.221658302085293,-0.4722469737320005,0.2865310659793957,-0.3824534965189718,0.1388007527363671
2023-02-18,1,-0.7473836050066117,-0.0038311536057583084,0.09497567022203793,0.7599459043684478,-0.3208014119548177
2023-02-19,1,-0.5311078903096658,0.046307938817971406,0.016371256248887717,0.7575998611608326,-0.4463052377422113
2023-02-20,1,-0.503930323191994,0.02255593079200774,0.02739580570444125,0.7839353975124986,-0.4644046962423777
2023-02-21,1,-0.8929976451976115,-0.11572546689699342,0.20224391277962708,0.8307643420903947,-0.24235617826785694
2023-02-22,1,-0.19591096536065686,-0.5744672334333796,0.3524209153437715,-0.28686355125043567,0.1154773107315658
2023-02-23,1,-0.4284932203282059,-0.6103551210415312,0.4244105996435896,-0.30031882985382,0.2518408116190592
2023-02-24,1,-0.4719773277164807,-0.5723519081999893,0.406771320514704,-0.3424556880164858,0.28079994521932544
2023-02-25,1,-0.9193941621376288,-0.9577227351306838,0.7501617596514623,-0.24290534308111628,0.6249886831639836
2023-02-26,1,-1.1049826687154505,0.06954019570552267,0.11625242702631003,0.6253471585473993,-0.10118040196655886
2023-02-27,1,0.17799463861878495,-0.6620897875602387,0.3377588882128314,-0.13646348361838773,-0.11500337435679298
2023-02-28,1,-0.1498518053349188,-0.7741573512309445,0.4819957041814126,-0.10095076798369629,0.07245031842199648
2023-03-01,1,-0.10350723716057308,-0.6552240607216557,0.38990438349265333,-0.19732272765477105,0.053939151830999926
2023-03-02,1,-0.09435184885514769,-1.0618165239143103,0.6708456127100975,0.1647506387405795,0.016959559207725655
2023-03-03,1,0.005203031310113737,-0.7502320928255102,0.43400258131486713,-0.09198058224810668,-0.018458682169665813
2023-03-04,1,0.14109086689847228,-0.8689921329553281,0.48912532859263447,0.039697099510223655,-0.10895597467049789
2023-03-05,1,-1.0215749412270674,0.047221857631769504,0.1155695170927942,0.651958205720186,-0.1156572911082866
2023-03-06,1,-0.1349754954573513,-0.866876807721938,0.5434757337635671,-0.015895037255826472,0.056366659817261716
2023-03-07,1,-0.1987714261467279,-0.7314037367842101,0.4621515151614163,-0.1483547334166952,0.10502934372229604
2023-03-08,1,-0.2067819922077255,-0.564966430222994,0.3480110955615501,-0.29739776579110205,0.12271709413163238
2023-03-09,1,-0.19734119575369244,-0.6529354851087947,0.4072862152525939,-0.2176091423335655,0.11025332722693092
2023-03-10,1,-0.1933359127231936,-0.7361541383894028,0.46435642505252706,-0.143087626146362,0.1014094520222628
2023-03-11,1,0.05154759948445954,-0.6312988023162214,0.3419112606261079,-0.18835254191918144,-0.03696984876066231
2023-03-12,1,-0.6715718252257387,-0.38896018438531027,0.3475105182239878,1.1159701490909266,-0.39599572147385664
2023-03-13,1,-0.13678383184061801,-1.0045536775751953,0.6399571603334436,0.10069617056215846,0.06693223515961985
2023-03-14,1,-0.012533739353524864,-0.8144491396853473,0.48225315155035753,-0.038527495142236134,-0.01282299057420086
2023-03-15,1,-0.012819147502132644,-1.1330725479922013,0.7039192610767578,0.24375724779557773,-0.03733881629277366
2023-03-16,1,0.14624097217339888,-1.192365942867375,0.7129963480101456,0.3272489497183707,-0.1370916920891041
2023-03-17,1,-0.2857396409232774,-0.6553973111011266,0.42687295690364524,-0.23262844974202673,0.16294761092282867
2023-03-18,1,-0.01939948317009471,-0.88816698975557,0.5349135415680691,0.025459806504300853,-0.014427082378802386
2023-03-19,1,-0.4999250401614953,-0.06066272248860022,0.0844660155043743,0.858456913699702,-0.4732485714470459
2023-03-20,1,-0.6564101071995635,-0.16305623256944984,0.18732443827974213,0.9187411368809826,-0.38756355436001855
2023-03-21,1,-0.055858459148075024,-1.1245999008219372,0.7073887235565184,0.21847923666757052,0.02621782016162924
2023-03-22,1,-0.21765301905479414,-0.5554656270126086,0.34360127577932875,-0.30793198033176844,0.129956877531699
2023-03-23,1,-0.15528731875845322,-0.7694069496257518,0.4797907942903019,-0.10621787525402948,0.07607021012202977
2023-03-24,1,-0.16043742403337977,-0.4460331397137051,0.25591977487279094,-0.39376972546217676,0.10420592754063583
2023-03-25,1,-0.04629164213915854,-0.5457915734227523,0.3022228825861154,-0.28316047278517925,0.02818820183993684
2023-03-26,1,-0.6751323125139052,-0.33527209677597986,0.31154905003270084,1.0583074799383818,-0.35255434341505176
2023-03-27,1,-0.33449987414136195,-0.9607976706325234,0.6498036190186954,0.01911117479744695,0.205608313358692
2023-03-28,1,-0.35966609484177603,-0.887059346930019,0.6032930421898228,-0.046836368948565965,0.20871032260247707
2023-03-29,1,-0.36870257266932804,-0.662609538698651,0.44866460844580724,-0.24238064988015467,0.21202200291869305
2023-03-30,1,0.11562893832244393,-0.4481484649470954,0.20156936970185843,-0.33817758869612663,-0.06111670694712379
2023-03-31,1,0.2786943410284742,-0.590660513102877,0.2677166664351792,-0.18016437058613016,-0.16971345794812231
2023-04-01,1,-0.11580849440067731,-0.7241915091866855,0.4403598636192544,-0.13860253327856725,0.055954951726431584
2023-04-02,1,-0.6209365658722864,-0.03462213884977566,0.09082329780876144,0.8118349626692415,-0.39883493755094845
2023-04-03,1,0.04611208606092522,-0.6265484007110287,0.3397063507349972,-0.19361964918951463,-0.03334995706062907
2023-04-04,1,-0.023404766200593563,-0.8049483364749619,0.4778433317681361,-0.04906170968290258,-0.005583207174134269
2023-04-05,1,0.005203031310113737,-0.7502320928255102,0.43400258131486713,-0.09198058224810668,-0.018458682169665813
2023-04-06,1,-0.6306627704749274,-0.2652764922708288,0.2532142876441179,1.0143310821495186,-0.41088699636481985
2023-04-07,1,-0.27592416755215954,-0.4955843449329404,0.3416681306574906,1.2874386458043074,-0.6409559733623486
2023-04-08,1,-1.148466776103725,0.10754340854706446,0.09861314789742451,0.5832103003847336,-0.07222126836629261
2023-04-09,1,-0.5911839461171514,-0.22006105183176256,0.21378335697307052,0.9819464241249811,-0.431002254760418
2023-04-10,1,-0.028840279624127885,-0.8001979348697692,0.47563842187702543,-0.05432881695323577,-0.001963315474100974
2023-04-11,1,-0.057448077134835074,-0.8549141785192209,0.5194791723302943,-0.011409944388031668,0.01091215952143057
2023-04-12,1,-0.008528456323026012,-0.8976677929659553,0.5393233613502906,0.03599402104496724,-0.021666865778868977
2023-04-13,1,0.05383724397331503,-1.1116091155790986,0.6755128798612637,0.2377081261227061,-0.07555353318853819
2023-04-14,1,-0.10751252019107194,-0.5720054074410477,0.33283417369272017,-0.2718442438419744,0.0627830270356681
2023-04-15,1,-0.4284932203282059,-0.6103551210415312,0.4244105996435896,-0.30031882985382,0.2518408116190592
2023-04-16,1,-0.6426786195664237,-0.015620532429004685,0.08200365824431868,0.7907665335879086,-0.3843553707508154
2023-04-17,1,-0.2926053847398472,-0.7291151611713491,0.47953334692135696,-0.16864114809548975,0.16134351911822703
2023-04-18,1,-0.29918572040780933,-0.48420960293471776,0.31052762741266826,-0.3869385893867667,0.18425525303219825
2023-04-19,1,-0.3850091129399311,-0.648358333883073,0.44204987877247515,-0.25818197169115437,0.22288167801879288
2023-04-20,1,-0.16758857599855745,-0.8383743980907816,0.5302462744169029,-0.0474976808778258,0.07808601001746143
2023-04-21,1,-0.005667995536954962,-0.7407312896151248,0.4295927615326458,-0.10251479678877312,-0.011218898769599223
2023-04-22,1,-0.19734119575369244,-0.6529354851087947,0.4072862152525939,-0.2176091423335655,0.11025332722693092
2023-04-23,1,-0.9256107257388172,-0.08722305726583707,0.189014453432963,0.7991616984683955,-0.22063682806765728
2023-04-24,1,-0.12953998203381697,-0.8716272093271307,0.5456806436546777,-0.010627929985493278,0.05274676811722842
2023-04-25,1,-0.06545864319583278,-0.6884768719580048,0.4053387527304282,-0.16045297676243847,0.028599909930766915
2023-04-26,1,0.19544600113381566,-0.9164961490072554,0.5111744275037414,0.09236817221355581,-0.14515489167083073
2023-04-27,1,-1.4474200143981142,0.36881549683266407,-0.022656896113663588,0.2935194005164069,0.12687277513553818
2023-04-28,1,-0.4194305298644039,-0.7575327941051737,0.5253018459956876,-0.1731934074951687,0.2551666035613508
2023-04-29,1,0.3327640671152097,-0.9567879374616581,0.5114318748726863,0.15479144505501585,-0.23042820066702807
2023-04-30,1,-0.9889618606858618,0.018719448000613148,0.12879897643945828,0.6835608493421853,-0.13737664130848637
2023-05-01,1,-0.8792661575644715,0.031710233243451735,0.09692313274420375,0.7027897387973208,-0.23914799465865377
2023-05-02,1,0.018649110794645665,-0.921419800991919,0.550347910805844,0.06232955739663332,-0.0397663242790354
2023-05-03,1,-0.17416891166651946,-0.5934688398541503,0.3612405549082143,-0.2657951221691028,0.10099774393143267
2023-05-04,1,-0.14556111415581227,-0.5387525962046986,0.3173998044549453,-0.3087139947343069,0.08812226893590107
2023-05-05,1,-0.04657705028776643,-0.8644149817296063,0.5238889921125157,-0.0008757298473652808,0.003672376121364035
2023-05-06,1,0.5370239327206593,-0.6569928851961044,0.261616831499737,-0.07111914671420949,-0.3294004008404171
2023-05-07,1,-0.8031689696349907,-0.034795389229246354,0.12779187121975347,0.7765292405819858,-0.2898264784591198
2023-05-08,1,0.11248306938776505,-0.92370837660478,0.5329660790459034,0.08261597207542776,-0.09608049967496635
2023-05-09,1,-0.4651115838999107,-0.49863405812976674,0.3541109304969924,-0.4064429896630228,0.2824040370239271
2023-05-10,1,0.14223568914290002,-1.109147289586767,0.6559261382102124,0.25272743353116733,-0.12824781688443587
2023-05-11,1,-0.0628835905583695,-0.850163776914028,0.5172742624391836,-0.01667705165836486,0.014532051221463865
2023-05-12,1,0.0947462987241265,-0.9879254234646171,0.5812166492813937,0.1360690591812982,-0.0904448080795014
2023-05-13,1,0.118077970405024,-1.276612752188104,0.7779458400720606,0.38702666931823343,-0.0896187142394359
2023-05-14,1,-0.5774524584840116,-0.0726253516913174,0.10846257693764697,0.8539718208319071,-0.4277940711512148
2023-05-15,1,0.08130021923959453,-0.8167377152982083,0.46487131979041685,-0.018241080463441695,-0.06913716597013175
2023-05-16,1,-0.04772187253219412,-0.6242598250981677,0.3570881824949378,-0.21390606386830907,0.022964218335301906
2023-05-17,1,-0.29117515434681174,-0.6506469094959337,0.4246680470125346,-0.23789555701235993,0.16656750262286196
2023-05-18,1,-0.3441000581891198,-0.5246746417685912,0.34775364819260524,-0.35982103863256215,0.20799040312782963
2023-05-19,1,-0.09406644070653991,-0.7431931156074565,0.44917950318369715,-0.11753410419723437,0.04147538492629846
2023-05-20,1,-0.1077979283396796,-0.8906288157479016,0.5545002832191205,0.010440499095839606,0.03826720131709524
2023-05-21,1,-0.8060294304210617,-0.191731892580077,0.23752247103739824,0.915038058415726,-0.30027444546838955
2023-05-22,1,-0.775991402517319,-0.05854739725521002,0.1388164206753069,0.8028647769336519,-0.3079259369592863
2023-05-23,1,0.14910143295946987,-1.0354294395165442,0.6032657481925007,0.18874013188463035,-0.12664372507983424
2023-05-24,1,0.11391329978080057,-0.8452401249293646,0.47810077913708104,0.013361563158557577,-0.09085651617033141
2023-05-25,1,0.0037728009170781562,-0.8287003445009256,0.4888678812236896,-0.0227261733312365,-0.02368266567430069
2023-05-26,1,0.13823040611240123,-1.0259286363061588,0.5988559284102793,0.17820591734396396,-0.11940394167976764
2023-05-27,1,-0.01396396974656039,-0.8929173913607626,0.5371184514591799,0.030726913774634046,-0.01804697407883568
2023-05-28,1,-0.5216670938556327,-0.04166111606782935,0.07564637593993154,0.8373884846183691,-0.4587690046469127
2023-05-29,1,-0.16215306257502302,-0.8431247996959743,0.5324511843080135,-0.04223057360749255,0.07446611831742814
2023-05-30,1,-1.0306938171692364,-0.13464229662043264,0.24360259207173643,0.8156778681500494,-0.14129331042466664
2023-05-31,1,-0.3727078556998269,-0.579390885418043,0.3915943986458741,-0.31690216606735805,0.22086587812336123
2023-06-01,1,-0.1647281152124863,-0.6814378947399511,0.4205156745992581,-0.1860064987115661,0.0885339770267312
2023-06-02,1,0.23721446998044704,-1.3515910218310663,0.8053451160678498,0.4860441822309055,-0.20385383449430472
2023-06-03,1,-0.03570602344069779,-0.8739157849399917,0.528298811894737,0.009658484693301161,-0.0035674072787025557
2023-06-04,1,-0.9742449384020188,0.2741539654877513,-0.05249584511343361,0.4694729900975826,-0.16354197704878493
2023-06-05,1,0.30673132224196586,-1.1731910860671333,0.6672081350347108,0.3414862427242936,-0.23162058438079958
2023-06-06,1,0.2429353915525892,-1.0377180151294054,0.5858839164325601,0.2090265465634249,-0.1829579004757652
2023-06-07,1,0.6726263601604101,-1.0943763336327763,0.5384056883039046,0.3428432779819348,-0.44441351905982207
2023-06-08,1,-0.2748686140762088,-0.664898114311512,0.43128277668586656,-0.22209423520136023,0.15570782752276208
2023-06-09,1,0.009208314340612478,-0.8334507461061182,0.4910727911148003,-0.017459066060903305,-0.027302557374333986
2023-06-10,1,-0.06831910398190372,-0.8454133753088353,0.515069352548073,-0.02194415892869811,0.01815194292149716
2023-06-11,1,-0.8412175635997311,-0.0015425779928973093,0.11235750198197861,0.7396594896896533,-0.26448723655888684
2023-06-12,1,-0.890422592560148,-0.27741237185301676,0.3141794224883826,0.9745402671944683,-0.25642403697716
2023-06-13,1,-0.06688887358886836,-0.7669451236334202,0.46020405263925057,-0.09119856784556829,0.023375926426132038
2023-06-14,1,0.25237618800662237,-1.125687070015206,0.6451590361236038,0.28881517002096146,-0.19542166738046662
2023-06-15,1,0.545034498781657,-0.8234301917573204,0.375757251099603,0.07792388566019731,-0.34708815124975334
2023-06-16,1,0.24436562194562472,-0.9592497634539898,0.5310186165237376,0.1397721376465546,-0.17773391697113028
2023-06-17,1,0.1614026901995741,-0.9664619910515144,0.5528102680658997,0.13001993750842666,-0.128659524975266
2023-06-18,1,-0.42525808262505005,-0.20563659663671358,0.1702000538887464,1.001450824401237,-0.5291510387521468
2023-06-19,1,-0.6266574874444285,-0.3484951455514366,0.31028449744405096,1.088852598336722,-0.41973087156948796
2023-06-20,1,-0.43212382644161984,-0.27935444670693615,0.22286044390645812,1.065438126047774,-0.5307551305567484
2023-06-21,1,0.15196189374554098,-0.8784929361657137,0.4935351483748559,0.0502313140508901,-0.11619575807056448
2023-06-22,1,0.23606964773601935,-1.111435865199628,0.6385443064502717,0.2730138482099618,-0.18456199228036685
2023-06-23,1,-0.09835713188564654,-0.9785978706337024,0.6137754029101643,0.09022912255337617,0.025803434412393828
2023-06-24,1,0.05955816554545719,-0.7977361088774373,0.4560516802259741,-0.03930950954477458,-0.05465759916999863
2023-06-25,1,-0.8806963879575073,-0.046758018431963644,0.15178843265302613,0.772044147714191,-0.2443719781632886
2023-06-26,1,-0.44766022138488015,-0.7530404195767835,0.5275264697879024,-0.17761133383107935,0.25225251970988927
2023-06-27,1,-0.19047545193712243,-0.5792176350385723,0.3546258252348822,-0.28159644398010236,0.11185741903153255
2023-06-28,1,-0.03713625383373326,-0.952384036615407,0.5831641118035594,0.07891289361017134,-0.008791390783337433
2023-06-29,1,-0.15271226612098984,-0.9310938545817753,0.5917263039990573,0.03755804985004407,0.06200235141272667
2023-06-30,1,0.10275686478512415,-1.1543627300258332,0.6953570688812599,0.28511209155570505,-0.10813255848883774
2023-07-01,1,-0.21650819681036645,-0.7956207836440472,0.5104020853969066,-0.0949016463108247,0.11066503531776099
2023-07-02,1,-1.0463368433010005,0.25744093467984136,-0.02629437378905017,0.47025500450012103,-0.12170736845298702
2023-07-03,1,-1.0057131966987967,0.06250121848746898,0.10107550515748012,0.6509006804965272,-0.16111446906252302
2023-07-04,1,0.44147433558589666,-1.0517959695655126,0.5555300726949002,0.26013359046168016,-0.30282603466769376
2023-07-05,1,0.23749987812905488,-1.0329676135242125,0.5836790065414493,0.2037594392930916,-0.17933800877573203
2023-07-06,1,0.14509614992897105,-0.9522107862359361,0.5461955383925676,0.11421861569742703,-0.11779984987516612
2023-07-07,1,0.21861828522098858,-0.857029503752611,0.4651287671593618,0.04418219237801846,-0.1544104749663291
2023-07-08,1,-0.11564910680695262,-1.0723454831648171,0.6831347147543008,0.16054105669390517,0.06603662886199538
2023-07-09,1,-1.0832406150213132,0.0505385892847518,0.1250720665907529,0.6464155876287323,-0.11565996876669193
2023-07-10,1,0.36823760844248693,-0.828353843741984,0.4149307344017057,0.047885270843274874,-0.24169958385795798
2023-07-11,1,0.22519862088895065,-1.1019350619892425,0.6341344866680504,0.2624796336692954,-0.17732220888030026
2023-07-12,1,0.07986998884655895,-0.8952059669736236,0.5197366196992392,0.051013328453428486,-0.07436114947476669
2023-07-13,1,0.1561265643697644,-1.3098655634244531,0.7933802093098354,0.42389642021056606,-0.11495795613966886
2023-07-14,1,0.3502154296302405,-1.211194298908675,0.6848474141635963,0.38362310088695933,-0.26057971798106583
2023-07-15,1,0.029520137641714364,-0.9309206042023044,0.5547577305880654,0.0728637719372997,-0.04700610767910196
2023-07-16,1,-1.0220197369693997,0.07675242330304716,0.09446077548414814,0.6350993586855275,-0.15025479396242325
2023-07-17,1,0.5759319407812196,-1.2490242613707458,0.6655181198814899,0.4610656811368806,-0.39854731067316085
2023-07-18,1,0.12306868808622591,-1.2518325881220191,0.7590420083545252,0.37543492955390817,-0.12783610879360574
2023-07-19,1,0.05285180932261192,-1.2196079329257916,0.7514869213787322,0.32382138207423483,-0.04618001383903647
2023-07-20,1,-0.7937281731809576,-0.12276444411504711,0.18706699091079718,0.8563178640395224,-0.3022902453638212
2023-07-21,1,0.19401577074078008,-0.9949644006826708,0.5660397274125638,0.16162258113042594,-0.15037887517546566
2023-07-22,1,-0.13195564707755567,-1.058094278349239,0.6765199850809687,0.1447397348829056,0.07689630396209526
2023-07-23,1,-0.8600991565077977,0.17439553177870415,-0.006192737400109033,0.58008224277458,-0.2395597027494839
2023-07-24,1,0.16283292059260968,-0.887993739376099,0.49794496815707723,0.06076552859155654,-0.12343554147063107
2023-07-25,1,0.03095036803474989,-0.852452352526889,0.49989243067924305,0.003609363020429579,-0.041782124174467083
2023-07-26,1,0.2621023926092633,-0.8950327165941527,0.4827680462882473,0.08631905054068417,-0.18336960856659534
2023-07-27,1,0.43362315711862354,-1.233512636982428,0.6841645042300805,0.41023414805974584,-0.27505660712279356
2023-07-28,1,0.6586094643786625,-1.5604354420800755,0.8653925778657281,0.7531026242128228,-0.47213752838759804
2023-07-29,1,1.069133431929809,-1.759779059118699,0.9210302198813853,1.0096268516540734,-0.7331814388808248
2023-07-30,1,-0.6495443633829936,-0.08933838249922726,0.1346640482620304,0.8547538352344456,-0.3859594625554169
2023-07-31,1,-0.17000424104229603,-1.0248414671128898,0.6610856158431938,0.10786998399057318,0.10223554586232829
2023-08-01,1,0.17100287424733174,-1.4025850199154466,0.8548602388919899,0.5089521509384357,-0.13104161474440357
2023-08-02,1,0.2429353915525892,-1.0377180151294054,0.5858839164325601,0.2090265465634249,-0.1829579004757652
2023-08-03,1,0.6114054821084968,-1.1205901676510717,0.5690169794105093,0.35415950692513964,-0.40981869386409076
2023-08-04,1,0.18972507956167362,-1.2303691557089167,0.7306356271390311,0.3693858078810364,-0.16605082568937035
2023-08-05,1,0.3339088893596375,-1.1969430940930967,0.6782326844902642,0.3678217790759596,-0.24972004288096594
2023-08-06,1,-0.5379736341262357,-0.027409911252251062,0.06903164626659944,0.8215871628073694,-0.44790932954681284
2023-08-07,1,-0.8114649438445961,-0.1869814909748842,0.23531756114628746,0.9097709511453929,-0.29665455376835626
2023-08-08,1,0.22948931206805723,-0.8665303069629964,0.4695385869415831,0.054716406918684846,-0.16165025836639557
2023-08-09,1,-0.08605587464554237,-0.9096304221686724,0.5633199227835632,0.031508928177172435,0.023787634516962114
2023-08-10,1,-0.006653430187658127,-0.8487301069618176,0.5055668030501143,-0.01640154083724432,0.018154620579902497
2023-08-11,1,0.3545061208093471,-0.9757895438824291,0.520251514437129,0.17585987413634874,-0.24490776746716125
2023-08-12,1,0.07157401463695363,-1.0473920687192615,0.6272623096257733,0.1842550390168356,-0.08118922478400314
2023-08-13,1,-1.0981169248988805,0.14325804577574525,0.06359203700859842,0.5613598569008624,-0.09957631016195723
2023-08-14,1,0.2526615961552302,-0.807063661708352,0.4234929265972035,0.00653042708314755,-0.17090584166189393
2023-08-15,1,-0.13898077848785015,-0.7836581544413299,0.4864055239636339,-0.09041655344302985,0.06521053502192989
2023-08-16,1,-0.1838951162691604,-0.8241231932752036,0.5236315447435708,-0.06329900268882543,0.08894568511756128
2023-08-17,1,0.24436562194562472,-0.9592497634539898,0.5310186165237376,0.1397721376465546,-0.17773391697113028
2023-08-18,1,0.02424401181190451,-1.274324176575243,0.795327671832001,0.36674025463943905,-0.033304538843504844
2023-08-19,1,0.01607405815718245,-0.7597328960358956,0.43841240109708857,-0.08144636770744024,-0.025698465569732404
2023-08-20,1,-0.9321910614067795,0.15768250097079423,0.020008733924274408,0.5808642571771185,-0.197725094153686
2023-08-21,1,-1.4231029080665134,0.18812698545586992,0.09809825315953472,0.45836375470181334,0.09832534962610194
2023-08-22,1,0.000912340131007161,-0.9856368478517561,0.5985984810413344,0.1157826445025038,-0.034130632683570444
2023-08-23,1,-0.09149138806907664,-0.9048800205634797,0.5611150128924526,0.026241820906839186,0.02740752621699541
2023-08-24,1,-0.23968048089753932,-0.8550874288986916,0.5564477457412863,-0.046715666475287354,0.11992061861325924
2023-08-25,1,-0.03955191887747195,-1.1388511056375152,0.7140034532298505,0.2342805584785702,0.01535814506152941
2023-08-26,1,0.12363950438344158,-0.6145857715083114,0.31570978930172455,-0.18913455632171977,-0.07880445735646013
2023-08-27,1,-1.0477670736940359,0.17897268300442604,0.028570926119772216,0.5395094134169911,-0.12693135195762195
2023-08-28,1,0.2889945515783272,-1.2374081329269702,0.7154587052702011,0.39493932983016405,-0.2259848927853345
2023-08-29,1,0.10704755596423073,-0.9189579749995871,0.5307611691547928,0.07734886480509456,-0.09246060797493305
2023-08-30,1,0.21432759404188195,-1.092434258778857,0.629724666885829,0.2519454191286289,-0.17008242548023367
2023-08-31,1,0.44147433558589666,-1.0517959695655126,0.5555300726949002,0.26013359046168016,-0.30282603466769376
2023-09-01,1,-0.13223015037585215,-1.7545297852303212,1.1458477353799812,0.6069384670687286,0.12947790600865883
2023-09-02,1,0.08387527187705775,-0.9784246202542315,0.5768068294991724,0.12553484464063186,-0.0832050246794348
2023-09-03,1,-1.0749446408117078,0.20272469103038965,0.017546376664218793,0.5131738770653251,-0.10883189345745548
2023-09-04,1,0.20202633680177778,-1.1614017072438867,0.68018014701243,0.3106656135048327,-0.168066625584802
2023-09-05,1,0.5664911443271865,-1.161055206484945,0.6062430001904461,0.3812770576793441,-0.38608354376845944
2023-09-06,1,0.05927275739684941,-1.1163595171842913,0.6777177897523744,0.24297523339303928,-0.07917342488857149
2023-09-07,1,0.05555288251495834,-0.7145174555968294,0.39898147042604093,-0.11383102573197795,-0.04581372396533051
2023-09-08,1,0.6331475358026342,-1.1395917740718426,0.5778366189749521,0.37522793600647236,-0.42429826066422394
2023-09-09,1,0.4400441051928611,-1.130264221240928,0.6103953726037226,0.32938799937855023,-0.3080500181723286
2023-09-10,1,-0.8372122805692321,-0.08476123127350538,0.16942771178191166,0.8141810058768567,-0.27333111176355496
2023-09-11,1,0.30832094022872586,-1.4428768083698493,0.8551176862609347,0.5713754237798958,-0.2163149237406009
2023-09-12,1,-0.009958686716061538,-0.9761360446413705,0.594188661259113,0.10524842996183742,-0.02689084928350391
2023-09-13,1,0.12049363544876264,-1.090145683165996,0.6471064986457696,0.23165900444983445,-0.11376825008430269
2023-09-14,1,0.2769787024868308,-0.9877521730851462,0.5442480758704018,0.17137478126855388,-0.19945326717133005
2023-09-15,1,0.3736731218660213,-0.8331042453471766,0.41713564429281635,0.05315237811360807,-0.24531947555799127
2023-09-16,1,-0.20519237422096545,-0.8346521525257102,0.5359206467877741,-0.06750858473549964,0.13802275477183112
2023-09-17,1,-1.228569247063705,0.2572676843003705,0.010674199621941743,0.43494928241286535,-0.01269890936115839
2023-09-18,1,0.07157401463695363,-1.0473920687192615,0.6272623096257733,0.1842550390168356,-0.08118922478400314
2023-09-19,1,0.06070298778988488,-1.0378912655088761,0.622852489843552,0.1737208244761691,-0.07394944138393655
2023-09-20,1,0.014643827764146869,-0.8382011477113109,0.49327770100591095,-0.012191958790570057,-0.03092244907436728
2023-09-21,1,0.23749987812905488,-1.0329676135242125,0.5836790065414493,0.2037594392930916,-0.17933800877573203
2023-09-22,1,0.2672524978841898,-1.2184065265061994,0.7066390657057583,0.3738709007488313,-0.21150532598520144
2023-09-23,1,0.3001509865740037,-0.9282855278305018,0.49820241552602207,0.12318880143301664,-0.2087088504668283
2023-09-24,1,-0.9487830098259903,-0.14668970252048158,0.23506011377734262,0.8473476783039329,-0.21138124477215903
2023-09-25,1,0.5244372673319472,-1.044583741967988,0.5337384211527382,0.2698857905998081,-0.35190042666355814
2023-09-26,1,0.02808990724867884,-1.0093888558777195,0.6096230304968878,0.14211818085416983,-0.05223009118373684
2023-09-27,1,0.5461793210260846,-1.063585348388759,0.5425580607171809,0.290954219681141,-0.3663799934636913
2023-09-28,1,0.1408054587498645,-1.187615541262182,0.7107914381190348,0.3219818424480375,-0.1334718003890708
2023-09-29,1,0.4820979821881003,-1.246735685757885,0.6828999516414306,0.4407792664580864,-0.34223313527722987
2023-09-30,1,-0.031700740410198935,-0.9571344382205997,0.5853690216946702,0.08418000088050454,-0.012411282483370728
2023-10-01,1,-0.7648349675216425,0.2505752078412584,-0.07843986906887199,0.5311142485365044,-0.29064989464077995
2023-10-02,1,0.6468790234357739,-0.9921560739313973,0.47251583893952864,0.24725333271339844,-0.42109007705502066
2023-10-03,1,0.07557929766745243,-1.1306107219998696,0.6843325194257065,0.25877655520403897,-0.09003309998867126
2023-10-04,1,0.38425874056448206,-1.161228456864416,0.6432115736014381,0.34597133559208837,-0.27707508467663067
2023-10-05,1,0.35708117344681045,-1.1374764488384523,0.6321870241458847,0.3196357992404224,-0.2589756261764643
2023-10-06,1,0.4100060772891183,-1.2634487165657948,0.709101422965814,0.44156128086062474,-0.30039852668143197
2023-10-07,1,0.19401577074078008,-0.9949644006826708,0.5660397274125638,0.16162258113042594,-0.15037887517546566
2023-10-08,1,-1.1770745736144324,0.05282716489761269,0.14245389835069347,0.6261291729499379,-0.05934579337076107
2023-10-10,1,0.09617652911716197,-0.9094571717892017,0.5263513493725713,0.06681465026442818,-0.08522082457486657
2023-10-11,1,-0.18246488587612494,-0.7456549415997882,0.4687662448347484,-0.13255341160569561,0.09416966862219621
2023-10-12,1,-0.9002271610809546,-0.8150374365954314,0.6470458895071496,-0.36561283910385683,0.6245769750731534
2023-10-13,1,0.09102642384223554,-0.5860833618771553,0.30248032995506036,-0.22073719994371904,-0.05708510715626042
2023-10-14,1,-0.1432714696669569,-1.0190629094675758,0.6510014236901012,0.11734667330758058,0.04953858450802526
2023-10-15,1,-1.0733550228249478,-0.06696103127232661,0.20545592789044267,0.7430630581209274,-0.0935262328172568
2023-10-16,1,-1.028600072637362,0.32165798153967845,-0.07454494402454057,0.41680191739425043,-0.12734306004845208
2023-10-17,1,0.14910143295946987,-1.0354294395165442,0.6032657481925007,0.18874013188463035,-0.12664372507983424
2023-10-18,1,0.06213321818292046,-0.9594230138334607,0.5679871899347296,0.10446641555929909,-0.06872545787930162
2023-10-19,1,-0.10922815873271519,-0.969097067423317,0.6093655831279429,0.07969490801270979,0.03304321781246036
2023-10-20,1,0.5787924015672907,-1.0920877580199153,0.5557875200638451,0.32255686330314026,-0.388099343663891
2023-10-21,1,-0.08847153968928095,-1.0960974911907808,0.6941592642098542,0.18687659304557125,0.04793717036182896
2023-10-22,1,-0.8372122805692321,-0.08476123127350538,0.16942771178191166,0.8141810058768567,-0.27333111176355496
2023-10-23,1,0.42774284795275686,-1.1992316697059577,0.6608508527303236,0.38810819375475397,-0.30603421827689703
2023-10-24,1,0.3121668356655001,-1.1779414876723258,0.6694130449258214,0.3467533499946267,-0.23524047608083276
2023-10-25,1,0.010638544733648073,-0.7549824944307029,0.4362074912059778,-0.08671347497777349,-0.02207857386969911
2023-10-26,1,-0.23138450668793395,-0.7029013271530538,0.4489220558147522,-0.17995737703869458,0.12674869392249577
2023-10-27,1,0.10418709517815962,-1.0758944783504176,0.6404917689724375,0.21585768263883487,-0.1029085749842028
2023-10-28,1,-0.07919013082897247,-0.8359125720984499,0.5106595327658515,-0.03247837346936455,0.02539172632156375
2023-10-29,1,-1.0451920210565728,0.017285778048402756,0.14050643582852765,0.6832853385210648,-0.140999210666925
2023-10-30,1,-0.15528731875845322,-0.7694069496257518,0.4797907942903019,-0.10621787525402948,0.07607021012202977
2023-10-31,1,0.3802534575339833,-1.078009803583808,0.5861413638015049,0.271449819404885,-0.26823120947196255
2023-11-01,1,-0.3006159508008449,-0.5626778546101332,0.36539292732149076,-0.3176841804698965,0.17903126952756337
2023-11-02,1,0.014643827764146869,-0.8382011477113109,0.49327770100591095,-0.012191958790570057,-0.03092244907436728
2023-11-03,1,0.393984945167123,-0.9305741034433628,0.4808205837660816,0.14347521611181102,-0.2650230258627594
2023-11-04,1,0.1044725033267674,-0.7572710700435639,0.4188256594460372,-0.06642706029897905,-0.07839274926563
2023-11-05,1,-1.152472059134224,0.19076206182767247,0.04154293809749146,0.5086887841975303,-0.06337739316162438
2023-11-06,1,-1.1727838824353258,0.2882319199238586,-0.022142001375773684,0.4183659461993273,-0.04367384285685638
2023-11-07,1,0.08673573266312891,-0.821488116903401,0.4670762296815275,-0.012973973193108446,-0.07275705767016505
2023-11-08,1,-0.06431382095140487,-0.9286320285894434,0.572139562348006,0.05257735725850532,0.009308067716828988
2023-11-09,1,0.22262356825148744,-0.9402481570332191,0.5221989769592948,0.11870370856522189,-0.1632543501709972
2023-11-10,1,0.23893010852209046,-0.9544993618487971,0.528813706632627,0.1345050303762214,-0.1741140252710971
2023-11-11,1,0.13422512308190232,-0.9427099830255508,0.5417857186103462,0.10368440115676064,-0.11056006647509953
2023-11-12,1,-0.956793575886988,0.019747604040734446,0.12091969417747642,0.698304645929526,-0.19369349436282268
2023-11-13,1,-1.1933811138850354,0.06707836971319087,0.13583916867736148,0.6103278511389382,-0.04848611827066118
2023-11-14,1,0.14910143295946987,-1.0354294395165442,0.6032657481925007,0.18874013188463035,-0.12664372507983424
2023-11-15,1,-0.03971130647119653,-0.7906971316593838,0.471228602094804,-0.06486303149390221,0.005276467925965561
2023-11-16,1,-0.20964245299379666,-0.7219029335738247,0.45774169537919496,-0.1588889479573617,0.11226912712236263
2023-11-17,1,-0.10477807995988397,-1.0818462863752025,0.6875445345365221,0.17107527123457167,0.05879684546192884
2023-11-18,1,-0.2056371699632978,-0.8051215868544326,0.514811905179128,-0.08436743177015826,0.10342525191769446
2023-11-19,1,-1.4717371207297145,0.5495040082094582,-0.1434120453868618,0.12867504633100052,0.1554202006449743
2023-11-20,1,0.11677376056687168,-0.6883036215785341,0.36837017931943616,-0.12514725467518278,-0.08040854916106177
2023-11-21,1,0.02007934118768119,-0.8429515493165036,0.4954826108970216,-0.006924851520236863,-0.034542340774400576
2023-11-22,1,-0.08748610503857784,-0.9880986738440878,0.6181852226923856,0.10076333709404256,0.018563651012327237
2023-11-23,1,-0.04657705028776643,-0.8644149817296063,0.5238889921125157,-0.0008757298473652808,0.003672376121364035
2023-11-24,1,0.2947154731504693,-0.9235351262253091,0.4959975056349114,0.11792169416268344,-0.20508895876679512
2023-11-25,1,-0.15128203572795437,-0.8526256029063599,0.536861004090235,-0.03169635906682611,0.06722633491736155
2023-11-26,1,-1.4651567850617526,0.30459844997282687,0.02559367412182681,0.3469724876222776,0.13250846673100314
2023-11-27,1,0.30301144736007485,-0.7713490244796712,0.3884718157083774,-0.015320016400723668,-0.19826088345755855
2023-11-28,1,0.03638588145828421,-0.8572027541320819,0.5020973405703537,0.008876470290762828,-0.04540201587450038
2023-11-29,1,0.2292039039194495,-1.1851537152698504,0.6912046964679834,0.33700114985649876,-0.1861660840849685
2023-11-30,1,0.2332091869499483,-1.2683723685504584,0.7482749062679166,0.4115226660437022,-0.1950099592896366
2023-12-01,1,0.36680737804945135,-0.9068220954173991,0.4697960343105281,0.117139679760145,-0.2469235673625929
2023-12-02,1,-0.1567175491514887,-0.8478752013011672,0.5346560941991242,-0.036963466337159356,0.07084622661739484
2023-12-03,1,-1.2042521407321043,0.07657917292357624,0.13142934889514005,0.5997936365982717,-0.04124633487059462
2023-12-04,1,0.20202633680177778,-1.1614017072438867,0.68018014701243,0.3106656135048327,-0.168066625584802
2023-12-05,1,0.5175715235153774,-1.1183015920382107,0.5863988111704499,0.3338730922463451,-0.3535045184681598
2023-12-06,1,0.22090792970984402,-1.3373398170154882,0.7987303863945177,0.47024286041990593,-0.19299415939420494
2023-12-07,1,0.23749987812905488,-1.0329676135242125,0.5836790065414493,0.2037594392930916,-0.17933800877573203
2023-12-08,1,-0.23129523791945703,-0.7737427144059206,0.526108219403954,1.5426058379879168,-0.6892069491765528
2023-12-09,1,-0.10350723716057308,-0.6552240607216557,0.38990438349265333,-0.19732272765477105,0.053939151830999926
2023-12-10,1,-1.2259941944262416,0.09558077934434722,0.12260970933069729,0.5787252075169389,-0.02676676807046144
2023-12-11,1,0.198021053771279,-1.0781830539632786,0.623109937212497,0.2361440973176293,-0.15922275038013378
2023-12-12,1,-0.024834996593629033,-0.883416588150377,0.5327086316769585,0.020192699233967604,-0.010807190678769146
2023-12-13,1,0.35736658159541823,-0.8188530405315984,0.41052091461948437,0.03735105630260843,-0.2344598004578914
2023-12-14,1,-0.04257176725726758,-0.9476336350102141,0.5809592019124488,0.07364578633983815,-0.0051714990833041374
2023-12-15,1,0.14481074178036332,-1.2708341945427901,0.7678616479189679,0.39650335863524094,-0.14231567559373892
2023-12-16,1,-0.04257176725726758,-0.9476336350102141,0.5809592019124488,0.07364578633983815,-0.0051714990833041374
2023-12-17,1,-1.3238334360498596,0.18108800823781618,0.08292133129070481,0.4839172766509411,0.038391282530137655
2023-12-18,1,0.1871500269242103,-1.0686822507528932,0.6187001174302755,0.22560988277696292,-0.1519829669800673
2023-12-19,1,0.4560652373148564,-1.46313883436336,0.838676211803455,0.6274740641273641,-0.3434255189910014
2023-12-20,1,0.5733568881437563,-1.0873373564147226,0.5535826101727344,0.31728975603280707,-0.3844794519638578
2023-12-21,1,0.5081307270613443,-1.03033253715241,0.5271236914794061,0.2540844687888085,-0.34104075156345837
2023-12-22,1,0.3828285101714466,-1.2396967085398312,0.6980768735102605,0.4152257445089585,-0.2822990681812655
2023-12-23,1,0.3530758904163116,-1.0542577955578445,0.5751168143459515,0.24511428305321892,-0.2501317509717961
2023-12-24,1,-0.9676646027340564,0.029248407251119934,0.11650987439525498,0.6877704313888595,-0.1864537109627561
2023-12-25,1,-0.7689662711070245,-0.33298352116311886,0.3289308817926414,1.0380210652595874,-0.2962401680191208
2023-12-26,1,0.3885494317435887,-0.9258237018381701,0.47861567387497084,0.13820810884147783,-0.261403134162726
2023-12-27,1,0.20488679758784878,-1.0044652038930562,0.5704495471947852,0.17215679567109232,-0.15761865857553226
2023-12-28,1,0.08645032451452113,-1.140111525210255,0.6887423392079278,0.26931076974470536,-0.09727288338873785
2023-12-29,1,-1.0477670736940359,0.17897268300442604,0.028570926119772216,0.5395094134169911,-0.12693135195762195
2023-12-30,1,-1.0846708454143486,-0.02792966239066358,0.17993736649957529,0.7156699965456025,-0.12088395227132687
2024-01-01,1,-0.4919144741004977,-0.22710002904981613,0.1986064351042405,1.0074999460741088,-0.49093632185638214
2024-01-02,1,-0.7925833509365299,-0.3629196007464856,0.35386780052837497,1.069348198060466,-0.3215820875777592
2024-01-03,1,-0.3523960323987252,-0.6768607435142291,0.45527933811913934,-0.2265793280691551,0.20116232781859317
2024-01-04,1,-0.2654278176221755,-0.7528671691973128,0.4905578963769104,-0.14230561174382367,0.1432440606180606
2024-01-05,1,-0.34009477515862097,-0.6078932950491993,0.4048238579925383,-0.2852995224453588,0.1991465279231615
2024-01-06,1,-0.35754613767365173,-0.3534869336021826,0.23140831870162834,-0.5141311782773021,0.22929804523719927
2024-01-07,1,-0.9676646027340564,0.029248407251119934,0.11650987439525498,0.6877704313888595,-0.1864537109627561
2024-01-08,1,-0.8100347134515605,-0.10851323929946893,0.1804522612374652,0.8405165422285228,-0.2914305702637213
2024-01-09,1,-0.26943310065267434,-0.6696485159167047,0.43348768657697734,-0.21682712793102704,0.15208793582272878
2024-01-10,1,-0.12953998203381697,-0.8716272093271307,0.5456806436546777,-0.010627929985493278,0.05274676811722842
2024-01-11,1,-0.366127520031865,-0.8242964436546742,0.5606001181545628,-0.09860472477608107,0.19795414420939
2024-01-12,1,-0.38100382990943227,-0.7315769871636808,0.4991200885724082,-0.18366045550395088,0.2140378028141247
2024-01-13,1,-0.39044462636346555,-0.6436079322778803,0.4398449688813645,-0.26344907896148756,0.22650156971882618
2024-01-14,1,-1.061498561327176,0.031536982863980934,0.13389170615519566,0.6674840167100651,-0.13013953556682512
2024-01-15,1,-0.11180321137017846,-0.8074101624672936,0.49743007341918744,-0.06408101709136382,0.04711107652176347
2024-01-16,1,-0.15385708836541764,-0.6909386979503365,0.42492549438147953,-0.17547228417089972,0.0812941936266646
2024-01-17,1,-0.10350723716057308,-0.6552240607216557,0.38990438349265333,-0.19732272765477105,0.053939151830999926
2024-01-19,1,0.3819690960756267,-0.6809181436015388,0.30960995436628225,-0.0800893324497991,-0.23849140024875481
2024-01-20,1,0.07986998884655895,-0.8952059669736236,0.5197366196992392,0.051013328453428486,-0.07436114947476669
2024-01-21,1,-0.9444923186468838,0.08871505250576434,0.07046421405087536,0.6395844515533222,-0.19570929425825434
2024-01-22,1,0.1193488132043349,-0.8499905265345573,0.4803056890281917,0.01862867042889077,-0.09447640787036471
2024-01-23,1,-0.08017556547967558,-0.9439113894451427,0.5866335742833201,0.05363488248216425,0.05476524567106547
2024-01-24,1,0.24608126048726814,-0.5621581034717207,0.254487207088515,-0.21176701420812943,-0.14799410774792265
2024-01-25,1,-0.08863092728300564,-0.7479435172126492,0.4513844130748078,-0.11226699692690112,0.03785549322626516
2024-01-26,1,0.15339212413857645,-0.8000246844902983,0.4386698484660334,-0.01902309486598014,-0.11097177456592966
2024-01-27,1,-0.13739116050109,-1.0533438767440464,0.6743150751898579,0.1394726276125723,0.08051619566212856
2024-01-28,1,-1.0234499673624355,-0.0017158283723682222,0.14932607539297052,0.7043537676023977,-0.15547877746705807
2024-01-29,1,-0.012533739353524864,-0.8144491396853473,0.48225315155035753,-0.038527495142236134,-0.01282299057420086
2024-01-30,1,-0.17960442509005378,-0.5887184382489576,0.3590356450171036,-0.271062229439436,0.10461763563146596
2024-02-01,1,-0.17960442509005378,-0.5887184382489576,0.3590356450171036,-0.271062229439436,0.10461763563146596
2024-02-02,1,-0.14842157494188332,-0.6956890995555294,0.4271304042725902,-0.17020517690056652,0.0776743019266313
2024-02-03,1,0.002627978672650466,-0.588545187869487,0.3220670716061116,-0.2357565073521803,-0.004390823460362764
2024-02-04,1,-1.2992309215696511,0.31902290516787585,-0.017989628962497256,0.3664768878985336,0.03435968273927434
2024-02-05,1,-0.01682443053263144,-1.0498538947115932,0.6468490512768247,0.16923573160837435,-0.02849494108810549
2024-02-06,1,-0.08062036122200794,-0.9143808237738653,0.5655248326746739,0.03677603544750563,0.02016774281692882
2024-02-07,1,0.30787614448639344,-1.4133462426985717,0.8340089446522887,0.5545165767452371,-0.25091242659473745
2024-02-08,1,0.33533911975267305,-1.1184748424176816,0.6233673845814419,0.2985673701590895,-0.24449605937633112
2024-02-09,1,0.24837090497612357,-1.0424684167345981,0.5880888263236708,0.2142936538337581,-0.1865777921757985
2024-02-10,1,-0.9050134942891076,0.13393049294483061,0.03103328337982783,0.6071997935287845,-0.21582455265385248
2024-02-11,1,-0.8821266183505426,-0.1252262701073789,0.20665373256184852,0.8412985566310611,-0.24959596166792353
2024-02-12,1,-0.9241804953457818,-0.00875480559042191,0.1341491535241406,0.7299072895515253,-0.21541284456302234
2024-02-13,1,-0.9948421698517284,0.05300041527708349,0.10548532493970156,0.6614348950371935,-0.16835425246258962
2024-02-14,1,0.0011977482796148853,-0.6670134395449021,0.376932371514934,-0.16650209843531022,-0.009614806964997641
2024-02-15,1,-0.5875533400037374,-0.5510617261663575,0.4153335127102019,-0.3838105317766131,0.35159368741538954
2024-02-16,1,0.05126219133585176,-0.9499222106230754,0.5635773701525082,0.09393220101863259,-0.06148567447923503
2024-02-17,1,-0.280304127499743,-0.6601477127063193,0.4290778667947559,-0.22736134247169343,0.15932771922279537
2024-02-18,1,-1.1702088297978628,0.12654501496783532,0.08979350833298175,0.5621418713034008,-0.05774170156615943
2024-02-19,1,0.19144071810331686,-0.8332774957266473,0.45410421770380827,0.01784665602635238,-0.13631101646616262
2024-02-20,1,-0.172738681273484,-0.515000588178735,0.3063752549993918,-0.33504953108597296,0.10622172743606749
2024-02-21,1,-0.058433511785538295,-0.9629129958659137,0.5954532138477628,0.07470331156349708,0.040285678870932345
2024-02-22,1,0.07729493620909568,-0.7335190620176002,0.4078011099904837,-0.09276259665064512,-0.060293290765463636
2024-02-23,1,0.15997245980653857,-1.0449302427269298,0.6076755679747221,0.19927434642529673,-0.13388350847990083
2024-02-24,1,-0.9894066564281941,0.0482500136718908,0.10769023483081222,0.6667020023075267,-0.1719741441626229
2024-02-25,1,-0.7560298062826862,0.07336328213533988,0.04293145882108604,0.7079164618417907,-0.3092513614253013
2024-02-26,1,-0.08605587464554237,-0.9096304221686724,0.5633199227835632,0.031508928177172435,0.023787634516962114
2024-02-27,1,-0.12553469900331812,-0.9548458626077387,0.6027508534546109,0.06389358620171015,0.04390289291256019
2024-02-28,1,-0.24368576392803817,-0.7718687756180835,0.49937753594135315,-0.12123718266249078,0.12876449381792748
2024-02-29,1,-0.08176518346643574,-0.6742256671424267,0.3987240230570961,-0.17625429857343816,0.0394595850308668
2024-03-01,1,-0.18790039929965915,-0.7409045399945955,0.4665613349436377,-0.1378205188760288,0.0977895603222295
2024-03-02,1,-0.46940227507901744,-0.7340388131560125,0.5187068302234595,-0.19867976291241213,0.26673208651002245
2024-03-03,1,-1.4238029345686087,0.3987515764160308,-0.04759381484939715,0.2621922677155283,0.15221469469417648
2024-03-04,1,-0.23281473708096953,-0.7813695788284691,0.5037873557235745,-0.11070296812182434,0.12152471041786088
2024-03-05,1,0.18743543507281812,-0.7500588424460395,0.3970340079038752,-0.05667486016085099,-0.1274671412614945
2024-03-06,1,0.11391329978080057,-0.8452401249293646,0.47810077913708104,0.013361563158557577,-0.09085651617033141
2024-03-07,1,-0.2734383836831732,-0.5864298626360966,0.3764174767770442,-0.2913486441182304,0.1609318110273969
2024-03-08,1,0.3110220134210724,-0.9377863310408872,0.5026122353082435,0.13372301597368297,-0.2159486338668949
2024-03-09,1,-0.3741380860928625,-0.6578591370934583,0.44645969855469647,-0.24764775715048798,0.2156418946187263
2024-03-10,1,-1.0516129691308105,-0.08596263769309748,0.21427556745488543,0.7641314872022603,-0.10800579961738999
2024-03-11,1,0.03638588145828421,-0.8572027541320819,0.5020973405703537,0.008876470290762828,-0.04540201587450038
2024-03-12,1,-0.10493746755360867,-0.7336923123970711,0.4447696834014757,-0.12806831873790075,0.048715168326364994
2024-03-13,1,0.3110220134210724,-0.9377863310408872,0.5026122353082435,0.13372301597368297,-0.2159486338668949
2024-03-14,1,0.3788232271409477,-1.1564780552592233,0.6410066637103274,0.34070422832175506,-0.27345519297659737
2024-03-15,1,0.11763317466269153,-1.2470821865168265,0.7568370984634145,0.37016782228357475,-0.12421621709357245
2024-03-16,1,0.29614570354350495,-0.8450668745498937,0.441132205726089,0.04866728524581326,-0.19986497526216018
2024-03-17,1,-0.8847016709880061,0.036460634848644424,0.09471822285309309,0.6975226315269876,-0.23552810295862048
2024-03-18,1,0.21575782443491748,-1.0139660071034415,0.5748593669770066,0.1826910102117587,-0.16485844197559885
2024-03-19,1,0.15997245980653857,-1.0449302427269298,0.6076755679747221,0.19927434642529673,-0.13388350847990083
2024-03-20,1,-0.04257176725726758,-0.9476336350102141,0.5809592019124488,0.07364578633983815,-0.0051714990833041374
2024-03-21,1,0.38568897095751764,-1.0827602051890006,0.5883462736926157,0.2767169266752182,-0.27185110117199585
2024-03-22,1,0.46979672494799596,-1.3157031342229148,0.7333554317680315,0.49949946083428987,-0.3402173353817981
2024-03-23,1,0.22376839049591518,-1.1804033136646577,0.6889997865768728,0.33173404258616557,-0.1825461923849352
2024-03-24,1,-0.6767219305006653,-0.06558637447326371,0.12363949880647698,0.8284182988827795,-0.36786000405525043
2024-03-25,1,-0.5462696083358412,-0.17959601299788902,0.17655733619313355,0.9548288733707766,-0.4547374048560494
2024-03-26,1,0.7447182650593921,-1.0776633028248666,0.5122042169795211,0.34206126357939637,-0.48624812765561987
2024-03-27,1,0.22376839049591518,-1.1804033136646577,0.6889997865768728,0.33173404258616557,-0.1825461923849352
2024-03-28,1,-0.5860338408422249,-0.543434861743809,0.43765437639058147,1.269498274333128,-0.4591379721790241
2024-03-29,1,-0.9230356731013541,-0.2489099622218604,0.3009499631417184,0.9429376235724689,-0.23470468677696033
2024-03-30,1,-1.3292689494733942,0.18583840984300887,0.08071642139959415,0.4786501693806079,0.04201117423017095
2024-03-31,1,-0.9868316037907306,-0.11343689128413253,0.21962574453956776,0.8104779274116003,-0.18604200287192596
2024-04-01,1,0.2512313657621946,-0.8855319133837674,0.4783582265060259,0.07578483600001767,-0.17612982516652875
2024-04-03,1,0.23606964773601935,-1.111435865199628,0.6385443064502717,0.2730138482099618,-0.18456199228036685
2024-04-04,1,-0.031700740410198935,-0.9571344382205997,0.5853690216946702,0.08418000088050454,-0.012411282483370728
2024-04-05,1,-0.1933359127231936,-0.7361541383894028,0.46435642505252706,-0.143087626146362,0.1014094520222628
2024-04-06,1,0.12335409623483369,-0.9332091798151654,0.5373758988281248,0.09315018661609414,-0.10332028307503294
2024-04-07,1,-1.2557468141813766,0.2810196923263341,-0.0003503498336116795,0.4086137460611992,0.005400549139008087
2024-04-08,1,-0.056017846741799604,-0.7764459268438055,0.464613872421472,-0.08066435330490185,0.016136143026065447
2024-04-09,1,0.34249027171785074,-0.7261335840406049,0.3490408850373298,-0.047704674425261384,-0.21837614185315668
2024-04-10,1,0.06642390936202704,-0.7240182588072148,0.40339129020826237,-0.10329681119131151,-0.0530535073653971
2024-04-11,1,0.13279489268886685,-1.0211782347009661,0.5966510185191686,0.17293881007363077,-0.11578404997973435
2024-04-12,1,0.3367693501457086,-1.0400065907422662,0.5685020846726194,0.22931296124221923,-0.2392720758716962
2024-04-13,1,-0.04114153686423211,-0.869165383334799,0.5260939020036264,0.004391377422967968,5.2484421330739606e-05
2024-04-14,1,-0.782571738185281,0.18635816098142133,-0.0301892988333817,0.5845673356423748,-0.285014203045315
2024-04-15,1,0.6136951265973523,-1.6009004809139489,0.9026185986456652,0.7802201749670273,-0.4484023782919667
2024-04-16,1,0.18314474389371144,-0.9854635974722852,0.5616299076303425,0.15108836658975955,-0.14313909177539907
2024-04-18,1,0.3379141723901363,-1.2801617473737048,0.7353028942901974,0.44234329526316307,-0.25856391808563417
2024-04-19,1,0.5024098054892021,-1.3442055438540712,0.7465848911146957,0.5311021044562891,-0.36193668558199776
2024-04-20,1,0.05526747436635056,-1.0331408639036834,0.6206475799524412,0.1684537172058359,-0.07032954968390326
2024-04-21,1,-0.9052989024377157,-0.1846929153620233,0.2526993929062281,0.8894845364665984,-0.24034037837242528
2024-04-22,1,0.8311156635387258,-1.7909165451216575,0.9908149942900928,0.9909044657803556,-0.593198046293298
2024-04-23,1,0.49954934470313106,-1.5011420472049017,0.8563154909323405,0.6696109222900298,-0.37238465259126763
2024-04-25,1,0.09617652911716197,-0.9094571717892017,0.5263513493725713,0.06681465026442818,-0.08522082457486657
2024-04-26,1,-0.150837239985622,-0.8821561685776373,0.557969745698881,-0.014837512032167544,0.10182383777149821
2024-04-27,1,-0.028840279624127885,-0.8001979348697692,0.47563842187702543,-0.05432881695323577,-0.001963315474100974
2024-04-29,1,-0.15814777954452416,-0.9263434529765824,0.5895213941079467,0.03229094257971088,0.06562224311275996
2024-04-30,1,-0.03456120119627004,-1.1140709415714303,0.6950996215123151,0.22268881871424484,-0.022859249492640482
2024-05-01,1,-1.0234499673624355,-0.0017158283723682222,0.14932607539297052,0.7043537676023977,-0.15547877746705807
2024-05-02,1,-0.20706740035633328,-0.883589838529848,0.5696772050879504,-0.015113022853288083,0.09820126841305953
2024-05-03,1,0.24150516115955367,-1.1161862668048206,0.6407492163413825,0.27828095548029497,-0.18818188398040014
2024-05-04,1,0.6342923580470619,-1.3797469307032812,0.74463742859253,0.5882582700274164,-0.4435901028781618
2024-05-05,1,-0.7755466067749867,-0.08807796292648756,0.15992516228395295,0.8197236239683104,-0.2733284341051496
2024-05-06,1,0.47237177758545945,-1.477390039178938,0.8452909414767871,0.6432753859383639,-0.35428519409110126
2024-05-07,1,0.2944300650018616,-1.242158534532163,0.7176636151613117,0.40020643710049725,-0.2296047844853678
2024-05-08,1,-0.077759900435937,-0.7574443204230348,0.45579423285702925,-0.10173278238623468,0.030615709826198573
2024-05-09,1,-0.234244967474005,-0.8598378305038843,0.558652655632397,-0.04144855920495416,0.11630072691322595
2024-05-10,1,0.5810820460561462,-1.5723980712827925,0.889389139299001,0.748617531345028,-0.42668302809176695
2024-05-11,1,0.6574646421342347,-1.3202802854486366,0.6985917682481504,0.5400722901918789,-0.45284568617366017
2024-05-12,1,-1.1404562100427278,-0.05889389801415151,0.21275356749729082,0.7322533327591405,-0.08990901877562885
2024-05-13,1,-0.8292017145082347,-0.2511985378347214,0.28356813138177794,0.9632240382512633,-0.2910188621728913
2024-05-14,1,0.6042543301433191,-1.5129314260281481,0.8433434789546213,0.7004315515094907,-0.4359386113872651
2024-05-15,1,0.28114337311105425,-1.4191248003438859,0.8440931368053812,0.5450398874282298,-0.19821546524043454
2024-05-16,1,0.2034565671948133,-1.0829334555684715,0.6253148471036076,0.2414112045879625,-0.16284264208016708
2024-05-17,1,0.30673132224196586,-1.1731910860671333,0.6672081350347108,0.3414862427242936,-0.23162058438079958
2024-05-18,1,0.06899896199949025,-0.885705163763238,0.5153267999170179,0.040479113912762044,-0.0671213660747001
2024-05-19,1,-0.8954133102413498,-0.3021925359191015,0.333083254205918,0.9861320069587935,-0.21820664242299015
2024-05-20,1,0.3107366052724646,-1.2564097393477411,0.7242783448346438,0.4160077589114969,-0.2404644595854677
2024-05-21,1,0.08788055490755665,-1.0616432735348396,0.6338770392991054,0.20005636082783518,-0.09204889988410303
2024-05-22,1,-0.2798593317574106,-0.689678278377597,0.45018660840340197,-0.21050249543703486,0.19392522207693197
2024-05-23,1,0.13422512308190232,-0.9427099830255508,0.5417857186103462,0.10368440115676064,-0.11056006647509953
2024-05-24,1,0.08244504148402228,-1.0568928719296469,0.6316721294079948,0.19478925355750198,-0.08842900818406974
2024-05-25,1,-0.11564910680695262,-1.0723454831648171,0.6831347147543008,0.16054105669390517,0.06603662886199538
2024-05-26,1,-0.9868316037907306,-0.11343689128413253,0.21962574453956776,0.8104779274116003,-0.18604200287192596
2024-05-27,1,0.41172171583076167,-0.8663570565835257,0.4325700135305912,0.09002212900594059,-0.27065871745822434
2024-05-28,1,0.0730042450299891,-0.9689238170438461,0.572397009716951,0.11500063009996536,-0.07596524127936821
2024-05-29,1,-0.34937618401892934,-0.8680782141415302,0.588323589436541,-0.06594455593042287,0.22169197196342671
2024-05-30,1,-0.3672723422762927,-0.5841412870232359,0.39379930853698486,-0.31163505879702486,0.21724598642332793
2024-05-31,1,-0.0628835905583695,-0.850163776914028,0.5172742624391836,-0.01667705165836486,0.014532051221463865
2024-06-01,1,0.11677376056687168,-0.6883036215785341,0.36837017931943616,-0.12514725467518278,-0.08040854916106177
2024-06-02,1,-0.6672811340466321,-0.15355542935906447,0.1829146184975208,0.908206922340316,-0.38032377095995196
2024-06-03,1,-0.8183306876611659,-0.2606993410451068,0.28797795116399916,0.9737582527919297,-0.2982586455729579
2024-06-05,1,0.017504288550217975,-0.6812646443604804,0.38354710118826607,-0.15070077662431042,-0.020474482065097527
2024-06-06,1,-0.004237765143919436,-0.6622630379397094,0.3747274616238233,-0.1717692057056434,-0.005994915264964401
2024-06-07,1,-0.17302408942209166,-0.8336239964855889,0.5280413645257922,-0.05276478814815899,0.08170590171749473
2024-06-08,1,-0.22995427629489837,-0.6244330754776386,0.3940567559059298,-0.24921178595556465,0.13197267742713065
2024-06-09,1,-0.8845422833942814,-0.3116933391294871,0.3374930739881393,0.9966662214994599,-0.22544642582305674
2024-06-10,1,-0.8464936894295411,-0.34494615036583615,0.3529274432259143,1.0335359723917925,-0.2507856677232897
2024-06-11,1,-0.023690174349201343,-1.1235717447818157,0.6995094412945364,0.23322303325491134,-0.030099032892707073
2024-06-12,1,0.11505812202522832,-1.0853952815608032,0.6449015887546589,0.22639189717950126,-0.1101483583842694
2024-06-13,1,0.18743543507281812,-0.7500588424460395,0.3970340079038752,-0.05667486016085099,-0.1274671412614945
2024-06-14,1,0.1614026901995741,-0.9664619910515144,0.5528102680658997,0.13001993750842666,-0.128659524975266
2024-06-15,1,-0.2519817381376436,-0.9240548773637214,0.6069032258678874,0.012004527900916384,0.12193641850869096
2024-06-16,1,-0.8955726978350745,0.0459614380590298,0.09030840307087165,0.6869884169863212,-0.2282883195585539
2024-06-17,1,-0.18774101170593469,-1.089058513972727,0.7093361860786841,0.16132307109644362,0.1078712374577933
2024-06-18,1,0.23749987812905488,-1.0329676135242125,0.5836790065414493,0.2037594392930916,-0.17933800877573203
2024-06-19,1,-0.05344279410433622,-0.9381328317998288,0.5765493821302274,0.0631115717991717,0.0020682843167623977
2024-06-20,1,0.18858025731724581,-0.9902139990774781,0.5638348175214531,0.15635547386009274,-0.14675898347543237
2024-06-21,1,0.5364531164234436,-1.2942397018098122,0.7049490505525375,0.49345033916141834,-0.3784320522775627
2024-06-22,1,0.37624817450348447,-0.9947911503031999,0.5290711540015718,0.1969283032176815,-0.2593873342672943
2024-06-23,1,-0.9542185232495245,-0.1419393009152889,0.23285520388623196,0.8420805710335996,-0.20776135307212573
2024-06-24,1,0.28498926854782847,-1.1541894796463623,0.658388495470268,0.32041781364296074,-0.2171410175806664
2024-06-25,1,-0.09807172373703865,-0.6599744623268484,0.392109293383764,-0.19205562038443785,0.05031926013096663
2024-06-26,1,0.08530550227009333,-0.8999563685788163,0.52194152959035,0.05628043572376168,-0.07798104117479998
2024-06-27,1,0.004917623161505957,-1.0688555011323642,0.6556686908412674,0.19030416068970724,-0.04297450788823859
2024-06-28,1,0.18972507956167362,-1.2303691557089167,0.7306356271390311,0.3693858078810364,-0.16605082568937035
2024-06-29,1,0.30415626960450254,-1.0115041811111098,0.5552726253259552,0.19771031762021996,-0.21755272567149653
2024-06-30,1,-0.6850179047102708,-0.21777247621890156,0.2311651887330111,0.9616600094461867,-0.374688079364487
2024-07-01,1,-0.9542185232495245,-0.1419393009152889,0.23285520388623196,0.8420805710335996,-0.20776135307212573
2024-07-02,1,0.1802842831076404,-1.1424001008231157,0.6713605074479873,0.2895971844234998,-0.15358705878466883
2024-07-03,1,-0.16170826683269066,-0.872655365367252,0.5535599259166597,-0.025371726572833986,0.1090636211715648
2024-07-04,1,0.06871355385088242,-1.204328572070092,0.7369929094434182,0.32276385685057585,-0.0916371917932729
2024-07-06,1,-0.01780986518333455,-1.157852712058286,0.7228230927942932,0.2553489875599031,0.000878578261396229
2024-07-07,1,-0.8915674148045757,-0.037257215221578155,0.1473786128708047,0.7615099331735246,-0.23713219476322211
2024-07-08,1,0.03209519027917769,-1.0926075091583278,0.666693240296821,0.2166396970413733,-0.06107396638840501
2024-07-09,1,0.10561732557119514,-0.9974262266750025,0.5856264690636152,0.1466032737219647,-0.09768459147956798
2024-07-10,1,0.07157401463695363,-1.0473920687192615,0.6272623096257733,0.1842550390168356,-0.08118922478400314
2024-07-11,1,0.17513417783271384,-0.8190262909110693,0.44748948803047617,0.0020453342153527454,-0.12545134136606273
2024-07-12,1,0.18056969125624817,-0.823776692516262,0.44969439792158694,0.007312441485685939,-0.12907123306609602
2024-07-13,1,0.08416068002566564,-0.6598012119473777,0.35514071997277197,-0.15674989829718217,-0.058689198960862
2024-07-14,1,-0.8143254046306673,-0.34391799432571485,0.3450481609639323,1.0482797689791332,-0.307102520777626
2024-07-15,1,-0.026265226986664614,-0.9618848398257924,0.5875739315857809,0.08944710815083773,-0.016031174183404023
2024-07-16,1,-0.13755054809481457,-0.7051899027659148,0.4315402240548115,-0.15967096235990014,0.07043451852656477
2024-07-17,1,-0.1632978848194507,-0.6029696430645359,0.3656503746904356,-0.2552609076284364,0.09375796053136608
2024-07-18,1,-0.21936865759643762,-0.9525572869948777,0.6201326852145514,0.043607171522915655,0.10021706830849124
2024-07-19,1,-0.324773669538721,-0.7301433172114704,0.48741262918333883,-0.18338494468283045,0.2176603721725634
2024-07-20,1,-1.2992309215696511,0.31902290516787585,-0.017989628962497256,0.3664768878985336,0.03435968273927434
2024-07-21,1,-0.898147750472538,0.2076483430150532,-0.02162710663788389,0.5432124918822476,-0.21422046084925084
2024-07-22,1,-0.057003281392502714,-0.8844447441904983,0.5405879139389405,0.005448902646626952,0.04550966237556717
2024-07-23,1,-0.08605587464554237,-0.9096304221686724,0.5633199227835632,0.031508928177172435,0.023787634516962114
2024-07-24,1,0.08673573266312891,-0.821488116903401,0.4670762296815275,-0.012973973193108446,-0.07275705767016505
2024-07-25,1,-0.07232438701240257,-0.7621947220282275,0.4579991427481399,-0.09646567511590148,0.026995818126165277
2024-07-26,1,-0.15814777954452416,-0.9263434529765824,0.5895213941079467,0.03229094257971088,0.06562224311275996
2024-07-27,1,-0.06688887358886836,-0.7669451236334202,0.46020405263925057,-0.09119856784556829,0.023375926426132038
2024-07-28,1,-1.2151231675791727,0.08607997613396173,0.1270195291129186,0.5892594220576053,-0.03400655147052803
2024-07-29,1,0.024084624218179987,-0.9261702025971117,0.5525528206969548,0.06759666466696651,-0.043386215979068665
2024-07-30,1,0.28498926854782847,-1.1541894796463623,0.658388495470268,0.32041781364296074,-0.2171410175806664
2024-07-31,1,0.022654393825144517,-1.0046384542725268,0.607418120605777,0.13685107358383664,-0.04861019948370354
2024-08-01,1,-0.2352304021247081,-0.9678366478505773,0.6346266971498655,0.04466469674657464,0.14567424626272774
2024-08-02,1,-0.07232438701240257,-0.7621947220282275,0.4579991427481399,-0.09646567511590148,0.026995818126165277
2024-08-03,1,-0.41860762813184027,-0.7278547415986094,0.5047944609432794,-0.2036713593616249,0.2739745475684944
2024-08-04,1,-1.175644343221397,0.13129541657302807,0.08758859844187109,0.5568747640330676,-0.054121809866126136
2024-08-05,1,-0.033130970803234405,-1.0356026898960151,0.6402343216034926,0.15343440979737477,-0.01763526598800566
2024-08-06,1,-0.2273792236574351,-0.7861199804336618,0.5059922656146852,-0.10543586085149115,0.11790481871782758
2024-08-07,1,-1.034320994209504,0.007784974838017378,0.14491625561074908,0.6938195530617313,-0.1482389940669916
2024-08-08,1,-0.15414249651402553,-1.0095621062571905,0.6465916039078798,0.1068124587669142,0.05677836790809179
2024-08-09,1,-0.3020461811938805,-0.6411461062855484,0.42025822723031314,-0.2484297715530263,0.1738072860229285
2024-08-10,1,-0.37556831648589806,-0.7363273887688737,0.501324998463519,-0.1783933482336177,0.21041791111409142
2024-08-11,1,-1.1267247224095878,0.08854180212629353,0.10743278746186727,0.6042787294660665,-0.08670083516642568
2024-08-12,1,-0.23968048089753932,-0.8550874288986916,0.5564477457412863,-0.046715666475287354,0.11992061861325924
2024-08-13,1,-0.5317679753753584,-0.5200974905428695,0.3825173117124864,-0.40039386799015103,0.32061875391969163
2024-08-14,1,-0.35640131542922404,-0.5936420902336212,0.3982091283192062,-0.30110084425635847,0.21000620302326134
2024-08-15,1,-0.2748686140762088,-0.664898114311512,0.43128277668586656,-0.22209423520136023,0.15570782752276208
2024-08-16,1,-0.24654622471410934,-0.9288052789689141,0.609108135758998,0.017271635171249577,0.11831652680865766
2024-08-17,1,-0.45309573480841436,-0.7482900179715908,0.5253215598967916,-0.18287844110141255,0.25587241140992256
2024-08-18,1,-1.195956166522499,0.2287652746692142,0.02390365896860594,0.4665519260348646,-0.03441825956135805
2024-08-19,1,-0.9731001161575911,0.03399880885631262,0.11430496450414432,0.6825033241185263,-0.1828338192627228
2024-08-20,1,-0.06688887358886836,-0.7669451236334202,0.46020405263925057,-0.09119856784556829,0.023375926426132038
2024-08-21,1,-0.33065397870458757,-0.6958623499350001,0.4640989776835821,-0.2055108989878222,0.18668276101846004
2024-08-22,1,-0.30605146422437934,-0.5579274530049405,0.3631880174303801,-0.3229512877402297,0.18265116122759661
2024-08-23,1,-0.3375197225211577,-0.7695802000052228,0.5167593677012938,-0.14152359734128522,0.1850786692138584
2024-08-24,1,-0.4814181241705138,-0.48438285331418857,0.3474962008236603,-0.42224431147402236,0.29326371212402697
2024-08-25,1,-1.3793333925296307,0.46874718092118195,-0.10592857723798002,0.21821586992666525,0.09388204174440849
2024-08-26,1,-0.5752520827636332,-0.48209427770132757,0.36487803258360085,-0.4425307261528168,0.3495778875199579
2024-08-27,1,-0.221658302085293,-0.4722469737320005,0.2865310659793957,-0.3824534965189718,0.1388007527363671
2024-08-28,1,-0.07089415661936699,-0.6837264703528121,0.4031338428393174,-0.16572008403277166,0.03221980163080021
2024-08-29,1,-0.1987714261467279,-0.7314037367842101,0.4621515151614163,-0.1483547334166952,0.10502934372229604
2024-08-30,1,-0.2926053847398472,-0.7291151611713491,0.47953334692135696,-0.16864114809548975,0.16134351911822703
2024-08-31,1,-0.47054709732344513,-0.49388365652457406,0.3519060206058816,-0.411710096933356,0.2860239287239604
2024-09-01,1,-1.1144234651694835,0.15750925059132337,0.05697730733526632,0.5455585350898629,-0.08871663506185734
2024-09-02,1,-0.1987714261467279,-0.7314037367842101,0.4621515151614163,-0.1483547334166952,0.10502934372229604
2024-09-03,1,-0.772360796403905,-0.3895480715898049,0.3403665764124383,-0.5628921789679424,0.47467000521652125
2024-09-04,1,-0.34009477515862097,-0.6078932950491993,0.4048238579925383,-0.2852995224453588,0.1991465279231615
2024-09-05,1,-0.2720081532901376,-0.5079616109606813,0.3215521768682218,-0.3606030530351006,0.16615579453203183
2024-09-06,1,-0.07632967004290142,-0.6789760687476194,0.40092893294820675,-0.17098719130310497,0.035839693330833505
2024-09-07,1,-0.10608228979803636,-0.49353715576563245,0.2779688737838979,-0.3410986527588446,0.06800701054030298
2024-09-08,1,-0.8231953847874848,0.38129787717379365,-0.1575591777799121,0.40392165964596877,-0.245607102435779
2024-09-09,1,0.19544600113381566,-0.9164961490072554,0.5111744275037414,0.09236817221355581,-0.14515489167083073
2024-09-10,1,-0.6143562302043243,-0.27952769708640685,0.25982901731745,1.0301324039605184,-0.4217466714649196
2024-09-11,1,0.1762790000771416,-1.0591814475425079,0.6142902976480541,0.21507566823629642,-0.1447431835800007
2024-09-12,1,-0.3153328730846877,-0.8181123720972712,0.5466877488743827,-0.10359632122529377,0.20519660526786193
2024-09-13,1,0.09217124608666323,-0.8262385185085936,0.4692811395726383,-0.007706865922775252,-0.07637694937019834
2024-09-14,1,-0.057448077134835074,-0.8549141785192209,0.5194791723302943,-0.011409944388031668,0.01091215952143057
2024-09-15,1,-0.9419172660094203,-0.072971852450259,0.1823997237596309,0.7833603766573958,-0.2097771529675574
2024-09-16,1,-0.11180321137017846,-0.8074101624672936,0.49743007341918744,-0.06408101709136382,0.04711107652176347
2024-09-17,1,-0.4136169104506384,-0.7030745775325247,0.4858906292257441,-0.21526309912595026,0.23575715301432443
2024-09-18,1,0.010638544733648073,-0.7549824944307029,0.4362074912059778,-0.08671347497777349,-0.02207857386969911
2024-09-19,1,-0.33351443949065873,-0.8527988532858306,0.5738295775012269,-0.0670020811540818,0.1762347940091903
2024-09-20,1,0.050117369091424016,-0.7097670539916365,0.39677656053493027,-0.11909813300231115,-0.042193832265297215
2024-09-21,1,-0.20134647878419118,-0.5697168318281869,0.35021600545266085,-0.29213065852076886,0.11909720243159909
2024-09-23,1,0.09102642384223554,-0.5860833618771553,0.30248032995506036,-0.22073719994371904,-0.05708510715626042
2024-09-24,1,-0.1863107813128991,-1.0105902622973117,0.6544708861698617,0.09206866217957349,0.11309522096242812
2024-09-25,1,1.3297526681108496,-2.3064217444748034,1.248532004181099,1.5447327435678813,-0.9314520662009952
2024-09-26,1,1.653308420885447,-2.4297589358303435,1.2688910879389852,1.7169832546838009,-1.1345777094936893
2024-09-27,1,0.409020642638415,-1.3714475339124876,0.7850754644832825,0.5276745368121531,-0.27102500733193013
2024-09-28,1,-0.33208420909762315,-0.7743306016104154,0.5189642775924045,-0.13625649007095203,0.1814587775138251
2024-09-29,1,-1.3115321788097554,0.25005545670284607,0.03246585116410375,0.4251970822747373,0.036375482634706
2024-09-30,1,-0.1313483184170837,-1.009304079180388,0.6421620702245544,0.10596327783249165,0.06331234345958656
2024-10-01,1,0.03381082882082094,-0.6955158491760585,0.39016183086159817,-0.13489945481331084,-0.03133415716519736
2024-10-02,1,0.1153435301738361,-0.7667718732539492,0.42323547922825855,-0.055892845758312604,-0.08563253266569659
2024-10-03,1,-0.02725066163736778,-1.0698836571724855,0.6635479731032493,0.17556036410236642,0.013342345166097752
2024-10-04,1,-0.10379264530918075,-0.9738474690285097,0.6115704930190536,0.08496201528304298,0.029423326112427067
2024-10-05,1,-0.13755054809481457,-0.7051899027659148,0.4315402240548115,-0.15967096235990014,0.07043451852656477
2024-10-06,1,-1.2271390166706693,0.3357359359757858,-0.04419110028688064,0.36569487349599517,-0.007474925856523568
2024-10-07,1,-0.14699134454884774,-0.617220847880114,0.3722651043637677,-0.2394595858174367,0.08289828543126623
2024-10-08,1,0.06356344857595593,-0.8809547621580454,0.5131218900259071,0.03521200664242885,-0.0635014743746668
2024-10-09,1,-0.39588013978699976,-0.6388575306726874,0.4376400589902537,-0.26871618623182075,0.23012146141885947
2024-10-10,1,-0.3875841655773944,-0.48667142892704945,0.3301143690637197,-0.4019578967952279,0.23694953672809593
2024-10-11,1,0.1545369463830042,-1.0401798411217371,0.6054706580836113,0.19400723915496354,-0.13026361677986753
2024-10-12,1,-0.38100382990943227,-0.7315769871636808,0.4991200885724082,-0.18366045550395088,0.2140378028141247
2024-10-13,1,-1.2448757873343077,0.2715188891159487,0.004059469948609645,0.41914796060186565,-0.0018392342610585033
2024-10-14,1,-1.1387405715010843,0.33819776196811757,-0.06377784193793198,0.38071418090445636,-0.06016920955242122
2024-10-15,1,-0.4027458836035698,-0.71257538074291,0.49030044900796543,-0.20472888458528377,0.22851736961425784
2024-10-16,1,0.3693824306869146,-1.0685090003734226,0.5817315440192836,0.2609156048642186,-0.26099142607189596
2024-10-17,1,0.397704820049014,-1.3324161650308246,0.759556903092415,0.5002814752368284,-0.2983827267860003
2024-10-18,1,-0.3486652526665228,-1.4565149036759195,0.981677298218085,0.3101409203038712,0.24490005466048853
2024-10-19,1,-0.18647016890662368,-0.6624362883191803,0.41169603503481533,-0.207074927792899,0.10301354382686433
2024-10-20,1,-1.431113474127511,0.3545642920170859,-0.01604216644033149,0.3093207223274067,0.11601310003543829
2024-10-21,1,-0.18647016890662368,-0.6624362883191803,0.41169603503481533,-0.207074927792899,0.10301354382686433
2024-10-22,1,-1.0151539931528302,0.15047027337326968,0.04180038546643641,0.5711120570389905,-0.1486507021578216
2024-10-23,1,-0.13310046932198347,-0.8179391217178003,0.5097191754633907,-0.06829059913803809,0.0961881461760332
2024-10-24,1,-0.27871450951298293,-0.9298334350090356,0.6169874180209799,0.0025278385839089257,0.174633379862994
2024-10-25,1,0.08530550227009333,-0.8999563685788163,0.52194152959035,0.05628043572376168,-0.07798104117479998
2024-10-26,1,-0.3736932903505301,-0.687389702764736,0.46756844016334254,-0.2307889101158293,0.25023939747286295
2024-10-27,1,-1.1742141128283616,0.20976366824844334,0.0327232985330487,0.4876203551161975,-0.0488978263614912
2024-10-28,1,-0.15814777954452416,-0.9263434529765824,0.5895213941079467,0.03229094257971088,0.06562224311275996
2024-10-29,1,0.047256908305352965,-0.8667035573424673,0.5065071603525751,0.019410684831429215,-0.05264179927456697
2024-10-30,1,0.22262356825148744,-0.9402481570332191,0.5221989769592948,0.11870370856522189,-0.1632543501709972
2024-10-31,1,0.23893010852209046,-0.9544993618487971,0.528813706632627,0.1345050303762214,-0.1741140252710971
2024-11-01,1,-0.3795735995163969,-0.6531087354882656,0.4442547886635858,-0.2529148644208212,0.2192617863187596
2024-11-02,1,-0.20964245299379666,-0.7219029335738247,0.45774169537919496,-0.1588889479573617,0.11226912712236263
2024-11-03,1,-1.5833078499864726,0.48757553696248207,-0.07777964339143092,0.16184171875807668,0.21737006763637023
2024-11-04,1,-1.2814941509060127,0.383239952027713,-0.0662401991979876,0.313023800792663,0.028723991143809274
2024-11-05,1,-0.15929260178895208,-0.6861882963451438,0.42272058449036876,-0.1807393914412329,0.0849140853266979
2024-11-06,1,-0.40503552809242516,-0.23226506748003278,0.15669882977280977,-0.6307895526271714,0.26710105404213375
2024-11-07,1,-1.6594050379159533,0.5540811594351802,-0.10864838186698064,0.0881022169734117,0.26804855143683637
2024-11-08,1,-0.1498518053349188,-0.7741573512309445,0.4819957041814126,-0.10095076798369629,0.07245031842199648
2024-11-09,1,-0.7352976370898676,-0.530799700172847,0.4317749871676816,-0.43990917212408104,0.47870428266579
2024-11-10,1,-1.3658873130450988,0.2975594727547733,0.010416752252996792,0.37252600957140514,0.07257439963503884
2024-11-11,1,-1.4365489875510453,0.35931469362227864,-0.018247076331442208,0.3040536150570734,0.11963299173547158
2024-11-12,1,-0.37814336912336133,-0.5746404838128503,0.3893894887547634,-0.32216927333769124,0.22448576982339452
2024-11-13,1,-0.6105553316468744,-1.3364944439733617,0.9518156649622402,0.14343302727940566,0.4480283756115879
2024-11-14,1,-0.3360894921281221,-0.6911119483298074,0.46189406779247133,-0.2107780062581554,0.19030265271849334
2024-11-15,1,-0.19734119575369244,-0.6529354851087947,0.4072862152525939,-0.2176091423335655,0.11025332722693092
2024-11-16,1,-0.0491521029252297,-0.7027280767735828,0.4119534824037602,-0.1446516549514389,0.017740234830667084
2024-11-17,1,-1.195956166522499,0.2287652746692142,0.02390365896860594,0.4665519260348646,-0.03441825956135805
2024-11-18,1,-0.3672723422762927,-0.5841412870232359,0.39379930853698486,-0.31163505879702486,0.21724598642332793
2024-11-19,1,-0.46368135350687534,-0.42016580645435136,0.29924563058817,-0.47569739857989285,0.28762802052856196
2024-11-20,1,-1.6822919138545183,0.8132379224873898,-0.28426883104900136,-0.14599654612886498,0.3018199604509074
2024-11-21,1,-0.6988386611118875,-0.2943667891064798,0.2592998051792327,-0.6329286022873508,0.4380593801253584
2024-11-22,1,-0.4814181241705138,-0.48438285331418857,0.3474962008236603,-0.42224431147402236,0.29326371212402697
2024-11-23,1,-0.3466751108265831,-0.36298773681256796,0.23581813848384978,-0.5035969637366358,0.22205826183713268
2024-11-24,1,-1.2162679898236008,0.3262351327654004,-0.039781280504659206,0.37622908803666155,-0.014714709256590158
2024-11-25,1,-0.2205134798408653,-0.7124021303634391,0.4533318755969735,-0.1694231624980282,0.11950891052242922
2024-11-26,1,-0.09950195413007423,-0.7384427140022638,0.4469745932925864,-0.12280121146756756,0.045095276626331754
2024-11-27,1,-0.2516963299890359,-0.6054314690568676,0.38523711634148705,-0.27028021503689753,0.14645224422726377
2024-11-28,1,-0.20964245299379666,-0.7219029335738247,0.45774169537919496,-0.1588889479573617,0.11226912712236263
2024-11-29,1,-0.12410446861028265,-0.8763776109323234,0.5478855535457884,-0.005360822715160085,0.049126876417195126
2024-11-30,1,-0.2951804373773106,-0.5674282562153259,0.3675978372126014,-0.3124170731995633,0.17541137782753008
2024-12-01,1,-1.5083554843014195,0.6612250711212226,-0.21371171453345914,0.02255088652179793,0.1859834260498423
2024-12-02,1,-0.34266982779608424,-0.44620639009317603,0.29288834828378274,-0.42907544754943244,0.21321438663246456
2024-12-03,1,-0.5452140548598905,-0.3489097823764606,0.26617198222150973,-0.554704007634891,0.3419263960290613
2024-12-04,1,-0.37127762530679154,-0.5009226337426278,0.3367290987370517,-0.38615657498422823,0.22608986162799605
2024-12-05,1,-0.23796484235589607,-0.4579957689164224,0.2799163363060636,-0.3982548183299715,0.14966042783646694
2024-12-06,1,-0.3346592617350864,-0.612643696654392,0.40702876788364895,-0.2800324151750256,0.19552663622312821
2024-12-07,1,-0.45567078744587763,-0.5866031130155676,0.4133860501880361,-0.3266543662054861,0.2699402701192256
2024-12-08,1,-1.2543165837883412,0.3594879440017494,-0.055215649742434064,0.3393593371443292,0.010624532643642909
2024-12-09,1,-0.316922491071448,-0.5484266497945549,0.35877819764815866,-0.3334855022808962,0.1898909446276632
2024-12-10,1,-0.47010230158111277,-0.5234142221958515,0.3730147622145277,-0.3948512498986973,0.32062143157809697
2024-12-11,1,-0.3795735995163969,-0.6531087354882656,0.4442547886635858,-0.2529148644208212,0.2192617863187596
2024-12-12,1,-0.21765301905479414,-0.5554656270126086,0.34360127577932875,-0.30793198033176844,0.129956877531699
2024-12-13,1,-0.12496388270610256,-0.31759904599403094,0.15941863440181028,-0.5006758996739178,0.09293454434970587
2024-12-14,1,-0.549504746038997,-0.5843145374027066,0.43076788194797677,-0.34694078088428054,0.3262544455151566
2024-12-15,1,-1.3750427013505242,0.7041519359474279,-0.2705244769644473,0.010452643176054655,0.10955399225831307
2024-12-16,1,-0.29117515434681174,-0.6506469094959337,0.4246680470125346,-0.23789555701235993,0.16656750262286196
2024-12-17,1,-0.463966761655483,-0.7387892147612054,0.5209117401145703,-0.19341265564207893,0.26311219480998915
2024-12-18,1,0.0037728009170781562,-0.8287003445009256,0.4888678812236896,-0.0227261733312365,-0.02368266567430069
2024-12-19,1,-0.5154614351047553,-0.5343486953584475,0.3891320413858185,-0.38459254617915145,0.30975907881959175
2024-12-20,1,-0.5998545972438416,-0.6200291746313873,0.465788992836803,-0.3250903374004093,0.3536094873108213
2024-12-21,1,-0.5658112863095999,-0.5700633325871285,0.4241531522746447,-0.3627421026952801,0.33711412061525636
2024-12-22,1,-1.3793333925296307,0.46874718092118195,-0.10592857723798002,0.21821586992666525,0.09388204174440849
2024-12-23,1,-0.3998854228174986,-0.5556388773920795,0.38056984919032066,-0.34323770241902424,0.23896533662352765
2024-12-24,1,-0.8198501868226784,-0.2683262054676551,0.2656570874836198,-0.6795505533178114,0.5124730140214557
2024-12-25,1,-1.6920181184571594,0.5825835690663366,-0.12187784121364481,0.05649957335141231,0.28976790163703603
2024-12-26,1,-0.221658302085293,-0.4722469737320005,0.2865310659793957,-0.3824534965189718,0.1388007527363671
2024-12-27,1,-0.48399317680797704,-0.32269594835816523,0.23556069111490482,-0.566020236578096,0.30733157083332996
2024-12-28,1,-0.7016991218979585,-0.4513032924573103,0.36903040499687734,-0.4944197844536105,0.42761141311608863
2024-12-30,1,-0.474552380353944,-0.410665003243966,0.29483581080594856,-0.48623161312055924,0.2948678039286285
2024-12-31,1,-1.4705922984852868,0.3093488515780196,0.023388764230716036,0.3417053803519443,0.13612835843103643
2025-01-01,1,-1.1767891654658247,0.37145057320446667,-0.07921221117570684,0.34384443001212384,-0.03482996765218818
2025-01-02,1,-0.6050047025187681,-0.2966553647193407,0.24191797341929208,-0.6126421876085564,0.3817452047294274
2025-01-03,1,-0.7274464586225946,-0.3490830327559313,0.3031405556325014,-0.5900097297221467,0.45093485512088993
2025-01-04,1,-0.8661947549970244,-0.3872594959769439,0.35774840817237896,-0.5831785936467369,0.5309841806124523
2025-01-05,1,-1.6702760647630222,0.5635819626455656,-0.11305820164920202,0.07756800243274531,0.27528833483690296
2025-01-06,1,-1.4949094048168876,0.49003736295481387,-0.09736638504248227,0.17686102616653782,0.16467578394047266
2025-01-08,1,-0.6976938388674598,-0.5345219457379184,0.4261006147968105,-0.41989826826640714,0.4187675379114204
2025-01-09,1,-0.654209731479185,-0.5725251585794602,0.443739893925696,-0.37776141010374137,0.38980840431115416
2025-01-10,1,-0.5766823131566687,-0.5605625293767429,0.41974333249242335,-0.3732763172359466,0.34435390401532295
2025-01-11,1,-0.4596760704763765,-0.5033844597349595,0.35631584038810304,-0.4011758823926896,0.2787841453238938
2025-01-12,1,-1.2543165837883412,0.3594879440017494,-0.055215649742434064,0.3393593371443292,0.010624532643642909
2025-01-13,1,0.002342570524042631,-0.9071685961763407,0.5437331811325119,0.046528235585633626,-0.028906649178935512
2025-01-14,1,-0.07919013082897247,-0.8359125720984499,0.5106595327658515,-0.03247837346936455,0.02539172632156375
2025-01-15,1,-0.5450546672661658,-0.6970637563545923,0.5089468333565559,-0.2555604176624186,0.352008073164625
2025-01-16,1,-0.32779351791851663,-0.5389258465841695,0.35436837786593733,-0.34401971682156257,0.1971307280277298
2025-01-17,1,-0.08176518346643574,-0.6742256671424267,0.3987240230570961,-0.17625429857343816,0.0394595850308668
2025-01-18,1,-0.48399317680797704,-0.32269594835816523,0.23556069111490482,-0.566020236578096,0.30733157083332996
2025-01-19,1,-1.5275224853580938,0.5185397725859702,-0.11059584438914635,0.14525838254453866,0.18639513414067232
2025-01-20,1,-0.3455302885821552,-0.6031428934440066,0.4026189481014276,-0.2905666297156921,0.2027664196231948
2025-01-21,1,-0.588983570396773,-0.6295299778417727,0.4701988126190244,-0.3145561228597428,0.3463697039107547
2025-01-22,1,-0.4013156532105342,-0.6341071290674947,0.43543514909914305,-0.27398329350215395,0.23374135311889277
2025-01-23,1,-0.3672723422762927,-0.5841412870232359,0.39379930853698486,-0.31163505879702486,0.21724598642332793
2025-01-24,1,-0.35497108503618846,-0.5151738385582059,0.3433438284103838,-0.37035525317322854,0.21523018652789622
2025-01-25,1,-0.4459445828432367,-0.3559487595945143,0.2509950603526797,-0.5291504856857634,0.281992328933097
2025-01-26,1,-1.6237721089949517,0.3343612791767229,0.03762532879708505,0.2803396327341431,0.2668588453814701
2025-01-27,1,-0.5237574093143609,-0.6865347971040854,0.4966577313123527,-0.2513508356157443,0.3029310035103553
2025-01-28,1,-0.17016362863602072,-0.6766874931347584,0.41831076470814743,-0.1912736059818994,0.0921538687267645
2025-01-29,1,-0.5412087718293916,-0.43212843565706865,0.32324219202144266,-0.4801824914476877,0.33308252082439305
2025-01-30,1,-1.6293670100122106,0.6872656547600471,-0.20735443222907193,-0.024071064508662476,0.26039705994593965
2025-01-31,1,-0.5955639060647351,-0.3846244196051413,0.3011930931103357,-0.5328535641510199,0.369281437824726
2025-02-01,1,-0.5640956477679566,-0.17297167260485918,0.14762174283942206,-0.7142812545499644,0.3668539298384641
2025-02-02,1,-1.5778723365629383,0.4828251353572893,-0.07557473350032021,0.16710882602840987,0.21375017593633694
2025-02-03,1,-0.6564993759680404,-0.09221484531658292,0.11013827469054024,-0.8038220781456289,0.42839208873903
2025-02-04,1,-0.7357424328322002,-0.5012691345015692,0.41066624555903564,-0.4567680191587397,0.4441067798116535
2025-02-06,1,-0.21793842720340204,-0.8740890353194626,0.5652673853057291,-0.025647237393954525,0.10544105181312612
2025-02-07,1,-0.1635832929680586,-0.9215930513713897,0.587316484216836,0.02702383530937763,0.06924213481279326
2025-02-08,1,-0.45309573480841436,-0.7482900179715908,0.5253215598967916,-0.18287844110141255,0.25587241140992256
2025-02-09,1,-1.4594358634896103,0.6184714566744881,-0.19386752551346287,0.06995485195479689,0.15340440074954265
2025-02-10,1,-0.3006159508008449,-0.5626778546101332,0.36539292732149076,-0.3176841804698965,0.17903126952756337
2025-02-11,1,-0.5440692326154626,-0.5890649390078992,0.43297279183908743,-0.34167367361394735,0.3226345538151233
2025-02-12,1,-0.5875533400037374,-0.5510617261663575,0.4153335127102019,-0.3838105317766131,0.35159368741538954
2025-02-13,1,-0.3086265168618426,-0.396240548048917,0.25125250772162466,-0.46672721284430335,0.19671901993689966
2025-02-14,1,-0.41762219348113727,-0.6198559242519166,0.42882041942581095,-0.28978461531315364,0.2446010282189926
2025-02-15,1,-0.48971409838011914,-0.6365689550598266,0.4550218907501944,-0.2890026009106152,0.2864356368147904
2025-02-16,1,-1.464871376913145,0.6232218582796808,-0.19607243540457356,0.0646877446844637,0.15702429244957594
2025-02-17,1,-0.22709381550882743,-0.4674965721268078,0.28432615608828504,-0.387720603789305,0.1424206444364004
2025-02-18,1,-0.4216274765116361,-0.5366372709713085,0.3717502096258779,-0.364306131500357,0.2534449034236608
2025-02-19,1,-0.3970249620314277,-0.3987023740412487,0.270839249372676,-0.4817465202527645,0.2494133036327974
2025-02-20,1,-0.5832626488246309,-0.31565697114011154,0.25073761298373487,-0.5915737585272236,0.36726563792929423
2025-02-21,1,-0.5709613915845266,-0.24668952267508165,0.20028213285713378,-0.6502939529034273,0.3652498380338626
2025-02-22,1,-0.3955947316383921,-0.32023412236583354,0.21597394946385348,-0.5510009291696347,0.2546372871374323
2025-02-23,1,-1.5097857146944549,0.5827568194458073,-0.15884641462463667,0.09180529543866811,0.18075944254520737
2025-02-24,1,-0.5560850817069591,-0.3394089791660752,0.2617621624392883,-0.5652382221755576,0.34916617942912787
2025-02-25,1,-0.36040659845972267,-0.5104234369530132,0.34113891851927314,-0.37562236044356184,0.2188500782279295
2025-02-26,1,-0.20134647878419118,-0.5697168318281869,0.35021600545266085,-0.29213065852076886,0.11909720243159909
2025-02-27,1,-0.45424055705284205,-0.5081348613401522,0.3585207502792137,-0.3959087751223563,0.27516425362386054
2025-02-28,1,-0.5998545972438416,-0.6200291746313873,0.465788992836803,-0.3250903374004093,0.3536094873108213
2025-03-01,1,-1.4036504988612315,0.6494356922979762,-0.22668372651117838,0.05337151574125876,0.12242946725384461
2025-03-02,1,-1.4459897840050784,0.4472837485080794,-0.07752219602248597,0.22426499159953678,0.13209675864017312
2025-03-03,1,-1.5857235150302114,0.3011084679403739,0.05305969803485991,0.31720938362647566,0.24151960348123713
2025-03-04,1,-1.584738080379508,0.4091072852870668,-0.022914343482608485,0.23109612767494675,0.2121460841317354
2025-03-05,1,-0.5057352305021143,-0.30369434193739425,0.22674105155046206,-0.5870886656594287,0.32181113763346314
2025-03-06,1,-0.4788430715330505,-0.646069758270212,0.4594317105324158,-0.2784683863699488,0.27919585341472386
2025-03-07,1,-0.5277626923448595,-0.6033161438234775,0.43958752151241953,-0.32587235180294777,0.3117748787150234
2025-03-08,1,-0.4296380425726336,-0.37019996441009234,0.2576097900260118,-0.5133491638747638,0.2711326538329971
2025-03-09,1,-1.5452592560217322,0.4543227257261331,-0.062345274153656066,0.19871146965040903,0.1920308257361374
2025-03-10,1,-0.33322903134205106,-0.5341754449789768,0.35216346797482656,-0.34928682409189576,0.2007506197277631
2025-03-11,1,-0.43249850335870477,-0.5271364677609232,0.36734038984365647,-0.3748403460410234,0.26068468682372736
2025-03-12,1,-0.4310682729656692,-0.4486682160855077,0.3124750899348341,-0.4440947549578936,0.26590867032836224
2025-03-13,1,-0.5861231096107018,-0.4725934744909421,0.36046821280137953,-0.4530649406934832,0.3568176709200245
2025-03-14,1,-0.42706298993517033,-0.5318868693661158,0.36954529973476724,-0.3695732387706902,0.25706479512369407
2025-03-15,1,-0.39158944860789324,-0.4034527756464414,0.27304415926378667,-0.4764794129824313,0.2457934119327641
2025-03-16,1,-1.483752969821211,0.7991599680512822,-0.31462267478666117,-0.09488950223060966,0.18195182625897888
2025-03-17,1,-0.47598261074697956,-0.48913325491938126,0.34970111071477095,-0.41697720420368917,0.28964382042399367
2025-03-18,1,-0.437934016782239,-0.5223860661557302,0.3651354799525458,-0.3801074533113566,0.26430457852376066
2025-03-20,1,-0.19734119575369244,-0.6529354851087947,0.4072862152525939,-0.2176091423335655,0.11025332722693092
2025-03-21,1,-0.2871698713163129,-0.7338655627765418,0.4817382568124676,-0.16337404082515644,0.15772362741819373
2025-03-22,1,-0.28287918013720625,-0.49846080775029583,0.31714235708600036,-0.3711372675757671,0.17339557793209842
2025-03-23,1,-1.6237721089949517,0.3343612791767229,0.03762532879708505,0.2803396327341431,0.2668588453814701
2025-03-24,1,-1.7161758371950355,0.41511810646499914,0.00014186064820334576,0.19079880913847852,0.328397004282036
2025-03-25,1,-0.19591096536065686,-0.5744672334333796,0.3524209153437715,-0.28686355125043567,0.1154773107315658
2025-03-26,1,-0.40389070584799747,-0.4724202241114714,0.3234996393903876,-0.4177592186062275,0.24780921182819582
2025-03-27,1,-0.46797204468598186,-0.6555705614805973,0.46384153031463715,-0.2679341718292824,0.27195607001465727
2025-03-28,1,-0.2502660995960003,-0.5269632173814522,0.33037181643266456,-0.3395346239537677,0.1516762277318987
2025-03-29,1,-0.2883146935607407,-0.49371040614510314,0.3149374471948897,-0.3764043748461003,0.17701546963213166
2025-03-30,1,-1.7872823074433144,0.5064038930037822,-0.04963070954488172,0.10546756758948816,0.3408580935283322
2025-03-31,1,-0.38901439597042997,-0.5651396806024649,0.3849796689725421,-0.33270348787835774,0.23172555322346106
2025-04-01,1,-0.46368135350687534,-0.42016580645435136,0.29924563058817,-0.47569739857989285,0.28762802052856196
2025-04-02,1,-0.172738681273484,-0.515000588178735,0.3063752549993918,-0.33504953108597296,0.10622172743606749
2025-04-03,1,-0.3535408546431529,-0.43670558688279043,0.2884785285015614,-0.43960966209009883,0.22045417003253115
2025-04-04,1,-0.5589455424930301,-0.49634548251690574,0.37149276225693295,-0.4267294043418172,0.338718212419858
2025-04-05,1,-0.474552380353944,-0.410665003243966,0.29483581080594856,-0.48623161312055924,0.2948678039286285
2025-04-06,1,-1.522086971934559,0.5137893709807774,-0.10839093449803566,0.15052548981487185,0.18277524244063903
2025-04-07,1,-0.03713625383373326,-0.952384036615407,0.5831641118035594,0.07891289361017134,-0.008791390783337433
2025-04-08,1,0.1368001757193657,-1.1043968879815742,0.6537212283191016,0.24746032626083414,-0.12462792518440258
2025-04-09,1,-0.12953998203381697,-0.8716272093271307,0.5456806436546777,-0.010627929985493278,0.05274676811722842
2025-04-10,1,-0.07604426189429353,-0.36035266044076536,0.17926282342180652,-0.4532719342409189,0.06035551904940631
2025-04-11,1,-0.49915489483415243,-0.5485999001740258,0.39574677105915057,-0.36879122436815187,0.2988994037194919
2025-04-12,1,-0.9640339966206425,-0.30175226708347486,0.3180600301323865,-0.6779865245127348,0.5961422312130514
2025-04-13,1,-1.8630940872241875,0.8915329237833343,-0.3021655575468318,-0.25055667713299096,0.4160524030473709
2025-04-14,1,-1.1999614495529978,0.3119839279498222,-0.03316655083132716,0.3920304098476612,-0.025574384356689933
2025-04-15,1,-0.4147617326950661,-0.462919420901086,0.3190898196081662,-0.4282934331468939,0.25504899522826235
2025-04-16,1,-0.5100259216812211,-0.5390990969636402,0.39133695127692913,-0.37932543890881826,0.30613918711955845
2025-04-17,1,-1.689443065819696,0.42089666411031323,-0.009942331504889185,0.20027549845548603,0.275700042927733
2025-04-18,1,-1.3018059742071146,0.48070981012389924,-0.12992513867125277,0.2227009627944599,0.04842754144857739
2025-04-19,1,-1.7383626866315052,0.46365027855704777,-0.029786520524885424,0.15287153302248707,0.3082790682280325
2025-04-20,1,-1.3956399328002338,0.4829983857367601,-0.11254330691131212,0.20241454811566545,0.10474171684450838
2025-04-21,1,-0.3727078556998269,-0.579390885418043,0.3915943986458741,-0.31690216606735805,0.22086587812336123
2025-04-22,1,-0.32521846528105336,-0.7006127515401928,0.46630388757469277,-0.20024379171748902,0.18306286931842675
2025-04-23,1,-0.3523960323987252,-0.6768607435142291,0.45527933811913934,-0.2265793280691551,0.20116232781859317
2025-04-24,1,-0.1487069830904911,-1.0143125078623831,0.6487965137989905,0.11207956603724739,0.05315847620805855
2025-04-25,1,-0.01539420013959586,-0.9713856430361778,0.5919837513680023,0.09998132269150423,-0.023270957583470614
2025-04-26,1,-0.37814336912336133,-0.5746404838128503,0.3893894887547634,-0.32216927333769124,0.22448576982339452
2025-04-27,1,-1.512646175480526,0.4258203160949767,-0.04911581480699187,0.2303141132724083,0.17031147553593762
2025-04-28,1,-0.11323344176321404,-0.885878414142709,0.5522953733280098,0.005173391825506357,0.041887093017128535
2025-04-29,1,-0.3701328030623636,-0.7410777903740664,0.5035299083546296,-0.1731262409632845,0.20679801941405812
2025-04-30,1,-0.13097021242685244,-0.950095461002546,0.6005459435635001,0.0586264789313769,0.04752278461259349
2025-05-01,1,-1.3710374183200253,0.6209332826668198,-0.2134542671645142,0.08497415936325814,0.10071011705364495
2025-05-02,1,-0.6813872985968568,-0.5487731505534965,0.4327153444701426,-0.40409694645540756,0.40790786281132063
2025-05-03,1,-0.39588013978699976,-0.6388575306726874,0.4376400589902537,-0.26871618623182075,0.23012146141885947
2025-05-04,1,-1.48003309493932,0.39731790646382037,-0.03588635546032773,0.26191675689440774,0.14859212533573785
2025-05-05,1,-0.3850091129399311,-0.648358333883073,0.44204987877247515,-0.25818197169115437,0.22288167801879288
2025-05-06,1,-0.3672723422762927,-0.5841412870232359,0.39379930853698486,-0.31163505879702486,0.21724598642332793
2025-05-07,1,-0.6922583254439254,-0.5392723473431111,0.42830552468792116,-0.41463116099607394,0.4151476462113871
2025-05-08,1,-1.7612495625700701,0.7228070416092571,-0.2054069697069062,-0.08122723007978949,0.3420504772421037
2025-05-09,1,-0.4147617326950661,-0.462919420901086,0.3190898196081662,-0.4282934331468939,0.25504899522826235
2025-05-10,1,-0.34266982779608424,-0.44620639009317603,0.29288834828378274,-0.42907544754943244,0.21321438663246456
2025-05-11,1,-1.3535860558049946,0.36652692121980307,-0.04003872787360416,0.31380581519520145,0.07055859973960718
2025-05-13,1,-0.116953316645105,-0.48403635255524696,0.27355905400167646,-0.351632867299511,0.07524679394036957
2025-05-14,1,-0.38357888254689576,-0.5698900822076576,0.38718457886365276,-0.32743638060802455,0.22810566152342782
2025-05-15,1,-0.781801592857938,-0.30157901670400417,0.2810914567213946,-0.6426808024254789,0.4871337721212228
2025-05-16,1,-0.44193929981273783,-0.43916741287512234,0.30806527015261276,-0.4546289694985601,0.2731484537284288
2025-05-17,1,-0.41218668005760284,-0.6246063258571093,0.4310253293169216,-0.28451750804282044,0.2409811365189593
2025-05-18,1,-1.6322274707982818,0.5303291514092165,-0.09762383241142716,0.11443775332507777,0.2499490929366699
2025-05-19,1,-0.647343987662615,-0.49880730850923755,0.3910795039079843,-0.44174871175027847,0.3914124961157557
2025-05-20,1,-0.821280417215714,-0.3467944571430705,0.3205223873924421,-0.6102961444009412,0.5072490305168209
2025-05-21,1,-0.5995691890952337,-0.3014057663245335,0.24412288331040274,-0.6073750803382232,0.3781253130293941
2025-05-22,1,-0.5995691890952337,-0.3014057663245335,0.24412288331040274,-0.6073750803382232,0.3781253130293941
2025-05-23,1,-0.6390480134530097,-0.3466212067635996,0.2835538139814503,-0.5749904223136855,0.39824057142499225
2025-05-24,1,-0.6213112427893712,-0.2824041599037625,0.23530324374595998,-0.6284435094195562,0.3926048798295272
2025-05-25,1,-1.594178876833541,0.4970763401728675,-0.08218946317365225,0.15130750421741018,0.22460985103643683
2025-05-26,1,-0.5506495682834247,-0.3441593807712679,0.26396707233039907,-0.5599711149052242,0.34554628772909457
2025-05-27,1,-0.7955330804910778,-0.4490147168444493,0.386412236756818,-0.5147061991324049,0.4839255885120196
2025-05-28,1,-0.3452448804335475,-0.2845194851371526,0.1809528385750274,-0.572851372653506,0.2272822453417676
2025-05-29,1,-0.7737910267969406,-0.4680163232652202,0.3952318763212608,-0.49363777005107207,0.46944602171188643
2025-05-30,1,-0.6433387046321164,-0.5820259617898456,0.44814971370791745,-0.367227195563075,0.38256862091108756
2025-05-31,1,-0.5995691890952337,-0.3014057663245335,0.24412288331040274,-0.6073750803382232,0.3781253130293941
2025-06-01,1,-1.4688766599436438,0.7064405115602889,-0.2531426452045067,-0.009833771502739785,0.16586816765424417
2025-06-02,1,-1.385913728197593,0.7136527391578134,-0.2749342967466687,-8.15713646117322e-05,0.11679377565837966
2025-06-03,1,-0.6513492706931139,-0.4155886552286295,0.33400929410805114,-0.5162702279374818,0.4002563713204239
2025-06-04,1,-0.7352976370898676,-0.530799700172847,0.4317749871676816,-0.43990917212408104,0.47870428266579
2025-06-05,1,-0.5629508255235289,-0.4131268292362977,0.3144225524569999,-0.5012509205290205,0.34756208762452623
2025-06-06,1,-0.6336125000294754,-0.3513716083687924,0.28575872387256096,-0.5697233150433523,0.39462067972495896
2025-06-07,1,-0.6241717035754422,-0.43934066325459303,0.34503384356360467,-0.48993469158581576,0.38215691282025743
2025-06-08,1,-1.5383935122051622,0.5280405757963555,-0.11500566417136773,0.13472416800387227,0.19363491754073892
2025-06-09,1,-0.5440692326154626,-0.5890649390078992,0.43297279183908743,-0.34167367361394735,0.3226345538151233
2025-06-10,1,-0.6102808283485779,-0.6400589370922796,0.4824879146632276,-0.31876570490641715,0.39544677356502445
2025-06-11,1,-0.686822812020391,-0.5440227489483038,0.43051043457903193,-0.40936405372574075,0.4115277545113538
2025-06-12,1,-0.4147617326950661,-0.462919420901086,0.3190898196081662,-0.4282934331468939,0.25504899522826235
2025-06-13,1,-0.732881972046129,-0.3443326311507386,0.30093564574139076,-0.5952768369924801,0.45455474682092323
2025-06-14,1,-0.46768663653737397,-0.3369471531737433,0.24217542078823692,-0.5502189147670964,0.29647189573323013
2025-06-15,1,-1.43511875715801,0.4377829452976939,-0.07311237624026454,0.23479920614020316,0.12485697524010651
2025-06-16,1,-0.44737481323627226,-0.43441701126992965,0.3058603602615021,-0.45989607676889327,0.27676834542846207
2025-06-17,1,-0.6825321208412845,-0.30861799392205785,0.2659145348525648,-0.6171272804763512,0.4271997050252585
2025-06-18,1,-0.647343987662615,-0.49880730850923755,0.3910795039079843,-0.44174871175027847,0.3914124961157557
2025-06-19,1,-0.5274772841962518,-0.2846927355166235,0.2179214119860193,-0.6081570947407615,0.3362907044335962
2025-06-20,1,-0.5194667181352541,-0.4511300420778395,0.3320618315858854,-0.4591140623663548,0.31860295402426
2025-06-21,1,-0.5766823131566687,-0.5605625293767429,0.41974333249242335,-0.3732763172359466,0.34435390401532295
2025-06-22,1,-1.454000350066076,0.6137210550692954,-0.19166261562235218,0.07522195922513009,0.14978450904950935
2025-06-23,1,-1.6348025234357448,0.6920160563652398,-0.20955934212018262,-0.02933817177899567,0.26401695164597294
2025-06-24,1,-0.6350427304225108,-0.42983986004420766,0.34062402378138323,-0.5004689061264822,0.389396696220324
2025-06-25,1,-0.5031601778646511,-0.4653812468934177,0.3386765612592175,-0.44331274055535513,0.3077432789241601
2025-06-26,1,-0.6607900671471472,-0.32761960034282883,0.27473417441700754,-0.5960588513950185,0.41272013822512543
2025-06-27,1,-0.5683863389470631,-0.408376427631105,0.31221764256588913,-0.5065180277993537,0.3511819793245595
2025-06-28,1,-0.9255406069135698,-0.36453564399110167,0.3546031409788074,-0.6242579265857435,0.605400492166955
2025-06-29,1,-1.6499642414619202,0.4661121045493794,-0.04937326217593682,0.16789084043094832,0.25558478453213485
2025-06-30,1,-1.4866134306072822,0.6422234647004518,-0.20489207496901635,0.043619315603130704,0.17150385924970912
2025-07-01,1,-0.6075797551562314,-0.13496845976331745,0.12998246371053654,-0.7564181127126299,0.39581306343873035
2025-07-02,1,-0.4307828648170613,-0.1300448077786539,0.09080898040843385,-0.7263794978957077,0.29042449604693504
2025-07-03,1,-0.6863780162780586,-0.5735533146195815,0.4516191761876779,-0.3925052066910821,0.44612525736549036
2025-07-04,1,-0.7955330804910778,-0.4490147168444493,0.386412236756818,-0.5147061991324049,0.4839255885120196
2025-07-05,1,-0.814414673399144,-0.2730766070728478,0.2678619973747305,-0.6742834460474783,0.5088531223214224
2025-07-06,1,-1.4431293232190072,0.6042202518589099,-0.1872527958401308,0.08575617376579647,0.14254472564944276
2025-07-07,1,-0.8172751341852151,-0.43001311042367835,0.37759259719237526,-0.5357746282137379,0.4984051553121528
2025-07-08,1,-0.4799878937774782,-0.4059146016387733,0.2926309009148379,-0.49149872039089254,0.2984876956286618
2025-07-09,1,-0.5901283926412006,-0.3893748212103341,0.30339800300144637,-0.5275864568806867,0.3656615461246927
2025-07-10,1,-0.7220109451990604,-0.3538334343611241,0.3053454655236121,-0.5847426224518135,0.44731496342085664
2025-07-11,1,-0.5832626488246309,-0.31565697114011154,0.25073761298373487,-0.5915737585272236,0.36726563792929423
2025-07-12,1,-0.6267467562129054,-0.2776537582985698,0.23309833385484932,-0.6337106166898894,0.3962247715295605
2025-07-13,1,-1.3847689059531654,0.4734975825263747,-0.10813348712909071,0.21294876265633195,0.09750193344444179
2025-07-14,1,-0.691813529701593,-0.5688029130143888,0.4494142662965672,-0.39777231396141527,0.44974514906552365
2025-07-15,1,-0.532912797619786,-0.2799423339114308,0.21571650209490864,-0.6134242020110949,0.3399105961336295
2025-07-16,1,-0.6241717035754422,-0.43934066325459303,0.34503384356360467,-0.48993469158581576,0.38215691282025743
2025-07-17,1,-0.6716610939942158,-0.31811879713244323,0.2703243546347861,-0.6065930659356848,0.4199599216251919
2025-07-19,1,-0.5872679318551295,-0.23243831785950347,0.19366740318380168,-0.6660952747144271,0.37610951313396235
2025-07-20,1,-1.4499950670355772,0.5305024017886875,-0.13459240582241908,0.1497434754123333,0.14094063384484123
2025-07-21,1,-0.4868536375940482,-0.47963245170899577,0.3452912909325495,-0.42751141874435555,0.29688360382406026
2025-07-22,1,-0.17559914205955504,-0.6719370915295657,0.41610585481703666,-0.1965407132522326,0.09577376042679779
2025-07-23,1,-0.5969941364577704,-0.4630926712805567,0.3560583930191581,-0.4635991552341497,0.36405745432009107
2025-07-24,1,-0.4774128411400149,-0.5676015065947966,0.40456641062359333,-0.347722795286819,0.28441983691935874
2025-07-25,1,-0.7941028500980423,-0.37054646516903417,0.3315469368479955,-0.5839606080492752,0.48914957201665443
2025-07-26,1,-0.4365037863892036,-0.44391781448031503,0.3102701800437234,-0.4493618622282269,0.26952856202839554
2025-07-27,1,-1.6851523746405894,0.656301419136559,-0.17453823123135648,-0.007487728295124563,0.29137199344163767
2025-07-28,1,-0.5766823131566687,-0.5605625293767429,0.41974333249242335,-0.3732763172359466,0.34435390401532295
2025-07-29,1,-0.28430941053024184,-0.5769290594257113,0.37200765699482286,-0.3018828586588968,0.1681715944274635
2025-07-30,1,-0.2422555335350026,-0.6934005239426684,0.44451223603253076,-0.19049159157936096,0.13398847732256236
2025-07-31,1,-0.5535100290694956,-0.5010958841220985,0.3736976721480436,-0.421462297071484,0.3350983207198247
2025-08-01,1,-0.3396499794162886,-0.637423860720477,0.42593259960118435,-0.2684406754107002,0.2337440307772981
2025-08-02,1,-0.25427138262649907,-0.44374456410084423,0.2733016066327315,-0.4140561401409712,0.16052010293656682
2025-08-03,1,-1.4920489440308164,0.6469738663056445,-0.20709698486012704,0.03835220833279751,0.17512375094974242
2025-08-04,1,-0.572391621977562,-0.32515777435049703,0.2551474327659563,-0.5810395439865572,0.36002585452922764
2025-08-05,1,-0.952877561624966,0.0073703380129933604,0.10080374038820769,-0.9497370529098821,0.6134182735315576
2025-08-06,1,-0.6430532964835085,-0.26340255348299163,0.22648360418151722,-0.649511938500889,0.40708444662966037
2025-08-07,1,-1.5844526722309002,0.7277306935939207,-0.24458045300900882,-0.051188615262867,0.23666190985030822
2025-08-08,1,-1.3206875671151808,0.6566479198955006,-0.24847537805334036,0.06312371587938681,0.07335507525798021
2025-08-09,1,-1.6007592125015033,0.7419818984094988,-0.2511951826823409,-0.0669899370738668,0.2475215849504081
2025-08-10,1,-1.6974536318806936,0.5873339706715293,-0.1240827511047555,0.05123246608107912,0.2933877933370693
2025-08-11,1,-0.3521106242501173,-0.3582373352073753,0.23361322859273911,-0.508864071006969,0.22567815353716597
2025-08-12,1,-1.7967231038973475,0.5943729478895828,-0.10890582923592551,0.025678944131951487,0.3533218604330336
2025-08-13,1,-1.0628586728949638,-0.3242438555366988,0.35434569360986246,-0.6866811994272037,0.6906738011631522
2025-08-14,1,-1.7217707382122944,0.7680224820483235,-0.24483790037795375,-0.11361188810432721,0.32193521884650556
2025-08-15,1,-1.6917327103085518,0.9012069773731903,-0.3435439507400452,-0.22578516958640166,0.31428372735560883
2025-08-16,1,-1.765254845600569,0.8060256948898652,-0.26247717950683924,-0.15574874626699303,0.3508943524467718
2025-08-17,1,-1.522086971934559,0.5137893709807774,-0.10839093449803566,0.15052548981487185,0.18277524244063903
2025-08-18,1,-1.6782866308240199,0.7300192692067816,-0.22719862124906817,-0.07147502994166144,0.2929760852462392
2025-08-19,1,-0.7180056621685615,-0.43705208764173226,0.36241567532354524,-0.5102211062646103,0.4384710882161884
2025-08-20,1,-1.467446429550608,0.7849087632357041,-0.3080079451133291,-0.07908818041960985,0.171092151158879
2025-08-21,1,-1.8279059540455178,0.7013436091961546,-0.17700058849141215,-0.07517810840691797,0.3802651941378682
2025-08-22,1,-1.8442124943161209,0.7155948140117327,-0.18361531816474425,-0.09097943021791755,0.3911248692379681
2025-08-23,1,-0.5194667181352541,-0.4511300420778395,0.3320618315858854,-0.4591140623663548,0.31860295402426
2025-08-24,1,-1.6648405513394875,0.5588315610403729,-0.11085329175809133,0.0828351097030785,0.27166844313686966
2025-08-25,1,-0.6024296498813049,-0.458342269675364,0.35385348312804743,-0.4688662625044829,0.36767734602012436
2025-08-26,1,-0.6893978646578542,-0.38233584399228043,0.3185749248702763,-0.5531399788298144,0.42559561322065687
2025-08-27,1,-0.3724224475512192,-0.26076747711118914,0.16992828911947386,-0.599186909005172,0.24538170384193403
2025-08-28,1,-0.49772466444111685,-0.4701316484986104,0.3408814711503282,-0.43804563328502194,0.3041233872241268
2025-08-29,1,-0.6024296498813049,-0.458342269675364,0.35385348312804743,-0.4688662625044829,0.36767734602012436
2025-08-30,1,-0.8633342942109533,-0.2303229926261134,0.24801780835473428,-0.7216874114804772,0.5414321476217221
2025-08-31,1,-1.467446429550608,0.7849087632357041,-0.3080079451133291,-0.07908818041960985,0.171092151158879
2025-09-01,1,-0.4582458400833409,-0.42491620805954416,0.30145054047928066,-0.47043029130955966,0.28400812882852866
2025-09-02,1,-0.49085892062454706,-0.3964137984283878,0.28822108113261646,-0.5020329349315589,0.3057274790287283
2025-09-03,1,-0.49915489483415243,-0.5485999001740258,0.39574677105915057,-0.36879122436815187,0.2988994037194919
2025-09-04,1,-0.07604426189429353,-0.36035266044076536,0.17926282342180652,-0.4532719342409189,0.06035551904940631
2025-09-05,1,-0.40532093624103305,-0.5508884757868868,0.37836493929921,-0.34850480968935743,0.24258522832356094
2025-09-06,1,-0.40389070584799747,-0.4724202241114714,0.3234996393903876,-0.4177592186062275,0.24780921182819582
2025-09-07,1,-1.5478343086591952,0.6160096306821563,-0.17428078386241155,0.054935544546335646,0.20609868444544033
2025-09-08,1,-0.24311494763082261,-0.13462195900437585,0.056045316888552604,-0.6858066685381188,0.1777961452550731
2025-09-09,1,-0.4719773277164807,-0.5723519081999893,0.406771320514704,-0.3424556880164858,0.28079994521932544
2025-09-10,1,-0.24053989499335923,-0.2963088639603992,0.16798082659730815,-0.542030743434045,0.16372828654577004
2025-09-11,1,-0.29117515434681174,-0.6506469094959337,0.4246680470125346,-0.23789555701235993,0.16656750262286196
2025-09-12,1,-0.3346592617350864,-0.612643696654392,0.40702876788364895,-0.2800324151750256,0.19552663622312821
2025-09-13,1,-0.4459445828432367,-0.3559487595945143,0.2509950603526797,-0.5291504856857634,0.281992328933097
2025-09-14,1,-1.43511875715801,0.4377829452976939,-0.07311237624026454,0.23479920614020316,0.12485697524010651
2025-09-15,1,-0.20535176181468992,-0.48649817854757876,0.2931457956527277,-0.36665217470797223,0.12794107763626722
2025-09-16,1,-0.14127042297670553,-0.30334784117845287,0.15280390472847824,-0.5164772214849174,0.10379421944980576
2025-09-17,1,-0.31835272146448335,-0.6268949014699703,0.41364349755698104,-0.2642310933640259,0.18466696112302838
2025-09-18,1,-0.44708940508766437,-0.11579360296307578,0.08419425073510181,-0.7421808197067072,0.3012841711470349
2025-09-19,1,-0.4104710415159596,-0.22751466587483998,0.15449391988169905,-0.6360566598975046,0.27072094574216704
2025-09-20,1,-0.32636328752548105,-0.4604575949087541,0.29950307795711484,-0.41327412573843275,0.20235471153236467
2025-09-21,1,-1.4989146878473865,0.5732560162354219,-0.1544365948424153,0.10233950997933461,0.17351965914514078
2025-09-22,1,-0.2814489497441708,-0.4199925560748807,0.2622770571771781,-0.44039167649263716,0.17861956143673324
2025-09-23,1,-1.4688766599436438,0.7064405115602889,-0.2531426452045067,-0.009833771502739785,0.16586816765424417
2025-09-24,1,-0.1632978848194507,-0.6029696430645359,0.3656503746904356,-0.2552609076284364,0.09375796053136608
2025-09-25,1,-0.38472370479132345,-0.3297349255762189,0.22038376924607492,-0.5404667146289683,0.2473975037373657
2025-09-26,1,-0.2502660995960003,-0.5269632173814522,0.33037181643266456,-0.3395346239537677,0.1516762277318987
2025-09-27,1,-0.5437838244668549,-0.2704415307010453,0.2113066823126872,-0.6239584165517613,0.3471503795336961
2025-09-28,1,-1.5369632818121268,0.6065088274717709,-0.16987096408019015,0.06546975908700203,0.19885890104537374
2025-09-29,1,-0.5535100290694956,-0.5010958841220985,0.3736976721480436,-0.421462297071484,0.3350983207198247
2025-09-30,1,-0.7368872550766279,-0.26111397787013063,0.2438654359414578,-0.6697983531796834,0.46339862202559134
2025-10-01,1,-0.19476614311622906,-0.8146223900648182,0.5192217249613493,-0.07383321722949182,0.09618546851762787
2025-10-02,1,-0.23281473708096953,-0.7813695788284691,0.5037873557235745,-0.11070296812182434,0.12152471041786088
2025-10-03,1,0.31245224381410797,-0.859318079365472,0.4477469353994211,0.0644686070568129,-0.21072465036226007
2025-10-04,1,-0.42019724611860054,-0.4581690192958932,0.3168849097170555,-0.4335605404172272,0.25866888692829565
2025-10-05,1,-1.4253925525553688,0.668437298718747,-0.23550336607562117,0.032303086659925984,0.1369090340539778
2025-10-06,1,-0.16186765442641524,-0.5245013913891206,0.3107850747816132,-0.32451531654530646,0.09898194403600095
2025-10-07,1,0.2457958523386603,-0.8807815117785747,0.4761533166149152,0.07051772872968448,-0.17250993346649546
2025-10-08,1,-0.00023248211342058456,-0.7454816912203175,0.43179767142375647,-0.09724768951843987,-0.014838790469632518
2025-10-09,1,-0.09263621031350444,-0.6647248639320411,0.39431420327487465,-0.18678851311410455,0.046699368430933336
2025-10-10,1,0.09789216765880539,-0.5123655118069326,0.24981993993734872,-0.28472450159025603,-0.055481015351658836
2025-10-11,1,-0.2502660995960003,-0.5269632173814522,0.33037181643266456,-0.3395346239537677,0.1516762277318987
2025-10-12,1,-1.621356443951213,0.5208283481988312,-0.09321401262920578,0.12497196786574416,0.2427093095366033
2025-10-13,1,-1.5083554843014195,0.6612250711212226,-0.21371171453345914,0.02255088652179793,0.1859834260498423
2025-10-14,1,-0.18647016890662368,-0.6624362883191803,0.41169603503481533,-0.207074927792899,0.10301354382686433
2025-10-15,1,-0.33208420909762315,-0.7743306016104154,0.5189642775924045,-0.13625649007095203,0.1814587775138251
2025-10-16,1,-0.2205134798408653,-0.7124021303634391,0.4533318755969735,-0.1694231624980282,0.11950891052242922
2025-10-17,1,0.1925855403477446,-1.073432652358086,0.6209050273213862,0.23087699004729612,-0.1556028586801005
2025-10-18,1,-0.2857396409232774,-0.6553973111011266,0.42687295690364524,-0.23262844974202673,0.16294761092282867
2025-10-19,1,-1.4688766599436438,0.7064405115602889,-0.2531426452045067,-0.009833771502739785,0.16586816765424417
2025-10-20,1,-0.44193929981273783,-0.43916741287512234,0.30806527015261276,-0.4546289694985601,0.2731484537284288
2025-10-21,1,0.03238059842778547,-0.7739841008514738,0.44502713077042066,-0.0656450458964406,-0.036558140669832234
2025-10-22,1,0.10990801675030178,-0.7620214716487566,0.4210305693371479,-0.0611599530286458,-0.0820126409656633
2025-10-23,1,-0.13182962652267247,-0.3913168960642535,0.21207902441952206,-0.43668859802738086,0.09133045254510429
2025-10-24,1,0.17828004676739279,-0.3434663792533847,0.11609277868643117,-0.41874822655620164,-0.09048754863822017
2025-10-25,1,0.0366712896068921,-0.5385793458252279,0.2804312310439535,-0.2734082726470512,-0.020886190155927603
2025-10-26,1,-1.3112467706611477,0.5686788650096999,-0.18920025836229662,0.14291233933692332,0.0608913083532788
2025-10-27,1,-0.07232438701240257,-0.7621947220282275,0.4579991427481399,-0.09646567511590148,0.026995818126165277
2025-10-28,1,0.06098839593849266,-0.7192678572020221,0.4011863803171516,-0.1085639184616447,-0.049433615665363806
2025-10-29,1,-0.3588169804729626,-0.7801091592557294,0.529048469745497,-0.14573317938795954,0.23415573886812824
2025-10-30,1,-0.36040659845972267,-0.5104234369530132,0.34113891851927314,-0.37562236044356184,0.2188500782279295
2025-10-31,1,-0.22308853247832858,-0.5507152254074159,0.341396365888218,-0.31319908760210174,0.13357676923173223
2025-11-01,1,-0.5969941364577704,-0.4630926712805567,0.3560583930191581,-0.4635991552341497,0.36405745432009107
2025-11-02,1,-1.2025177123151234,0.7437732042851557,-0.34696538947507005,-0.8203989153114875,0.41609245312150184
2025-11-03,1,-1.6922847367304297,0.5340625321387926,-0.10207506062223178,-0.7298690837658488,0.692851054687352
2025-11-04,1,-0.22680840736021954,-0.14887316381995402,0.0626600465618847,-0.670005346727119,0.16693647015497326
2025-11-05,1,-0.474552380353944,-0.410665003243966,0.29483581080594856,-0.48623161312055924,0.2948678039286285
2025-11-06,1,0.4823833903367081,-0.9281122774510311,0.46123384211503027,0.15849452352027227,-0.31771730955865707
2025-11-07,1,-0.3439406705953951,-0.8728286157467229,0.5905284993276516,-0.06067744866008967,0.21807208026339348
2025-11-08,1,0.10590273371980298,-0.6788028183681485,0.36396035953721484,-0.13568146921584928,-0.07316876576099518
2025-11-09,1,-1.2960850526349723,0.7945828168255604,-0.3493863383065424,-0.05431667287302078,0.0693234754671169
2025-11-10,1,-0.598424366850806,-0.5415609229559721,0.4109236929279806,-0.3943447463172795,0.35883347081545613
2025-11-11,1,-1.2963704607835804,0.47595940851870655,-0.12772022878014208,0.22796807006479308,0.04480764974854409
2025-11-12,1,-0.20821222260076108,-0.6434346818984094,0.4028763954703726,-0.22814335687423187,0.11749311062699751
2025-11-13,1,0.7038092103085805,-1.2013469949393478,0.606500447559391,0.44370033052080415,-0.47135685276465666
2025-11-14,1,-0.03828107607816106,-0.7122288799839684,0.4163633021859816,-0.1341174404107725,0.010500451430600494
2025-11-15,1,0.1694132562605717,-1.1328992976127303,0.6669506876657658,0.2790629698828334,-0.14634727538460224
2025-11-16,1,-1.3155374618402542,0.333274109983454,-0.024604358635829354,0.3506755660875339,0.045219357839374225
2025-11-17,1,-1.6797168612170552,0.6515510175313663,-0.1723333213402458,-0.0022206210247913694,0.28775210174160437
2025-11-18,1,-0.14699134454884774,-0.617220847880114,0.3722651043637677,-0.2394595858174367,0.08289828543126623
2025-11-19,1,-0.4422247079613457,-0.7577908211819762,0.5297313796790131,-0.17234422656074616,0.24863262800985603
2025-11-20,1,0.024370032366787878,-0.6075467942902577,0.33088671117055435,-0.21468807827084752,-0.01887039026049589
2025-11-21,1,-0.1987714261467279,-0.7314037367842101,0.4621515151614163,-0.1483547334166952,0.10502934372229604
2025-11-22,1,-0.2273792236574351,-0.7861199804336618,0.5059922656146852,-0.10543586085149115,0.11790481871782758
2025-11-23,1,-1.4293978355858676,0.7516559519993551,-0.29257357587555427,-0.0422184295272775,0.14575290925864604
2025-11-24,1,-0.5412087718293916,-0.43212843565706865,0.32324219202144266,-0.4801824914476877,0.33308252082439305
2025-11-25,1,-0.5818324184315953,-0.23718871946469616,0.19587231307491235,-0.6608281674440939,0.37248962143392916
2025-11-26,1,-0.4024604754549619,-0.393951972436056,0.26863433948156523,-0.4870136275230977,0.2530331953328307
2025-11-27,1,-0.5804021880385597,-0.158720467789281,0.14100701316608996,-0.730082576360964,0.377713604938564
2025-11-28,1,-0.21078727523822435,-0.48174777694238596,0.2909408857616169,-0.3719192819783054,0.13156096933630052
2025-11-29,1,-0.6499190403000783,-0.3371204035532142,0.27914399419922886,-0.5855246368543521,0.40548035482505884
2025-11-30,1,-1.7286364820288644,0.6943046319781008,-0.19217751036024203,-0.04962458645779033,0.3203311270419039
2025-12-01,1,-0.4299234507212415,-0.6888233727169464,0.479275899552412,-0.23106442093694984,0.24661682811442426
2025-12-02,1,-0.4296380425726336,-0.37019996441009234,0.2576097900260118,-0.5133491638747638,0.2711326538329971
2025-12-03,1,-0.37814336912336133,-0.5746404838128503,0.3893894887547634,-0.32216927333769124,0.22448576982339452
2025-12-04,1,-0.5603757728860657,-0.5748137341923212,0.42635806216575534,-0.35747499542494693,0.3334942289152232
2025-12-05,1,-0.32493305713244547,-0.38198934323333883,0.24463777804829254,-0.48252853465530293,0.20757869503699955
2025-12-06,1,-0.39158944860789324,-0.4034527756464414,0.27304415926378667,-0.4764794129824313,0.2457934119327641
2025-12-07,1,-1.5927486464405056,0.5755445918482829,-0.1370547630824747,0.08205309530054017,0.22983383454107176
2025-12-08,1,-1.1847997315268224,0.5378878797656826,-0.19335263077557305,0.19480139763771703,-0.017142217242851837
2025-12-09,1,-0.6404782438460452,-0.42508945843901497,0.33841911389027257,-0.5057360133968154,0.3930165879203573
2025-12-10,1,-0.5317679753753584,-0.5200974905428695,0.3825173117124864,-0.40039386799015103,0.32061875391969163
2025-12-11,1,-0.3017607730452726,-0.32252269797869454,0.1985921177039129,-0.5307145144908403,0.1983231117415013
2025-12-12,1,-0.3086265168618426,-0.396240548048917,0.25125250772162466,-0.46672721284430335,0.19671901993689966
2025-12-13,1,-0.3941645012453565,-0.24176587069041816,0.16110864955503115,-0.6202553380865048,0.25986127064206715
2025-12-14,1,-1.867384778403294,0.6561281687570883,-0.13756965782036454,-0.04279345038238025,0.4003804525334662
2025-12-15,1,-0.20964245299379666,-0.7219029335738247,0.45774169537919496,-0.1588889479573617,0.11226912712236263
2025-12-16,1,-0.1781741946970182,-0.5102501865735423,0.3041703451082811,-0.34031663835630616,0.10984161913610078
2025-12-17,1,-0.1644427070638784,-0.36281448643309727,0.19884956507285786,-0.46829124164938013,0.113049802745304
2025-12-18,1,-0.402175067306354,-0.07532856412920225,0.04696822995516489,-0.7692983704609118,0.2775490210514035
2025-12-19,1,-1.4319728882233307,0.9133428569553783,-0.40450908558430976,-0.1859943546313511,0.15982076796794908
2025-12-20,1,-1.7203405078192586,0.8464907337237386,-0.29970320028677616,-0.18286629702119733,0.3271592023511404
2025-12-21,1,-1.6575300117805856,0.6030188454393178,-0.14240494016715693,0.03570665509120008,0.30787003779560773
2025-12-22,1,-1.6184959831651418,0.6777648515496617,-0.20294461244685053,-0.01353684996799609,0.25315727654587306
2025-12-23,1,-0.9814853591356733,-0.047345905636458296,0.1446444908414766,-0.906818180344678,0.6262937485270892
2025-12-24,1,-0.6373323749113664,0.0504704532186695,0.0070224045462275175,-0.9265295741683697,0.4279803806481999
2025-12-25,1,-1.7216113506185697,0.4198685080701919,-0.0020630492429073166,0.18553170186814522,0.3320168959820693
2025-12-26,1,-0.7260162282295592,-0.2706147810805161,0.24827525572367923,-0.659264138639017,0.45615883862552487
2025-12-27,1,-0.6756663770247147,-0.23490014385183539,0.21325414483485303,-0.6811145821228881,0.42880379682986014
2025-12-28,1,-1.751808766116037,0.6348379867234564,-0.1461318500158624,-0.0014386066222530358,0.32958671033740217
2025-12-29,1,-0.7016991218979585,-0.4513032924573103,0.36903040499687734,-0.4944197844536105,0.42761141311608863
2025-12-30,1,-0.5386337191919282,-0.5938153406130919,0.4351777017301982,-0.33640656634361416,0.31901466211509
2025-12-31,1,-0.7314517416530935,-0.26586437947532343,0.24607034583256845,-0.6645312459093502,0.45977873032555816
2026-01-01,1,-1.3767583398921677,0.3070602759651587,0.006006932470775356,0.3619917950307387,0.07981418303510543
2026-01-02,1,-1.4431293232190072,0.6042202518589099,-0.1872527958401308,0.08575617376579647,0.14254472564944276
2026-01-03,1,-1.8905570624904666,0.596661523502444,-0.09152399747598486,0.005392529453157047,0.4096360358289646
2026-01-04,1,-1.223144638490482,0.6303293812694063,-0.23478253125955995,0.2603024004351896,-0.09341622882632805
2026-01-05,1,-0.4774128411400149,-0.5676015065947966,0.40456641062359333,-0.347722795286819,0.28441983691935874
2026-01-06,1,-0.34123959740304866,-0.36773813841776065,0.23802304837496044,-0.4983298564663025,0.21843837013709938
2026-01-07,1,-0.31148697764791355,-0.5531770513997476,0.3609831075392693,-0.3282183950105629,0.1862710529276299
2026-01-08,1,-0.6636505279332181,-0.48455610369365937,0.3844647742346522,-0.45755003356127805,0.40227217121585557
2026-01-09,1,-0.34009477515862097,-0.6078932950491993,0.4048238579925383,-0.2852995224453588,0.1991465279231615
2026-01-10,1,-0.44050906941970225,-0.36069916119970696,0.2531999702437905,-0.5238833784154302,0.2783724372330637
2026-01-11,1,-1.8061639003513805,0.6823420027753837,-0.16818094892696936,-0.05410967932558519,0.365785627337735
2026-01-12,1,-1.8303216190892566,0.5148765401740463,-0.04616124706512123,0.08018955646148107,0.404414729982735
2026-01-13,1,-0.42448793729770706,-0.6935737743221391,0.4814808094435227,-0.22579731366661665,0.24299693641439096
2026-01-14,1,-0.3086265168618426,-0.396240548048917,0.25125250772162466,-0.46672721284430335,0.19671901993689966
2026-01-15,1,-0.6034150845320079,-0.5663410870220569,0.4298275246455159,-0.38275300655295413,0.39705086536962597
2026-01-16,1,-0.3878695737260023,-0.8052948372339035,0.55178047859012,-0.119673153857414,0.21243371100952313
2026-01-17,1,-0.4502352740223432,-0.5913535146207602,0.41559096007914675,-0.3213872589351529,0.2663203784191923
2026-01-18,1,-1.715190402544332,0.5231169238116921,-0.0758321808692651,0.10468555318694972,0.2990234849325343
2026-01-19,1,-0.3918748567565009,-0.7220761839532954,0.49471026879018687,-0.19419467004461738,0.2212775862141913
2026-01-20,1,-0.29661066777034606,-0.645896507890741,0.4224631371214238,-0.24316266428269312,0.1701873943228952
2026-01-21,1,-0.47054709732344513,-0.49388365652457406,0.3519060206058816,-0.411710096933356,0.2860239287239604
2026-01-22,1,-0.12238883006863929,-0.47928595095005416,0.2713541441105658,-0.3568999745698442,0.0788666856404028
2026-01-23,1,-0.3235028267394099,-0.30352109155792356,0.18977247813947015,-0.5517829435721731,0.21280267854163443
2026-01-24,1,-0.3944499093939644,-0.5603892789972722,0.3827747590814313,-0.33797059514869093,0.23534544492349435
2026-01-25,1,-1.5315277683885926,0.6017584258665781,-0.16766605418907946,0.07073686635733523,0.19523900934534044
2026-01-26,1,-0.1020770067675375,-0.5767558090462406,0.33503908358383083,-0.2665771365716411,0.0591631353356348
2026-01-27,1,-0.3017607730452726,-0.32252269797869454,0.1985921177039129,-0.5307145144908403,0.1983231117415013
2026-01-28,1,-0.34009477515862097,-0.6078932950491993,0.4048238579925383,-0.2852995224453588,0.1991465279231615
2026-01-29,1,-0.3455302885821552,-0.6031428934440066,0.4026189481014276,-0.2905666297156921,0.2027664196231948
2026-01-30,1,0.023225210122360132,-0.36739163765881905,0.16408590155297662,-0.42771841229179114,0.0004214519534420369
2026-01-31,1,-0.23252932893236164,-0.4627461705216151,0.28212124619717427,-0.3929877110596383,0.1460405361364337
2026-02-01,1,-1.6825773220031264,0.4946145141805357,-0.06260272152260096,0.13628819680894894,0.2773041347323345
2026-02-02,1,-0.9583130750485004,0.01212073961818616,0.09859883049709697,-0.9550041601802153,0.6170381652315909
2026-02-03,1,-0.5995691890952337,-0.3014057663245335,0.24412288331040274,-0.6073750803382232,0.3781253130293941
2026-02-04,1,-0.48399317680797704,-0.32269594835816523,0.23556069111490482,-0.566020236578096,0.30733157083332996
2026-02-05,1,-0.4093262192715319,-0.4676698225062787,0.32129472949927684,-0.4230263258765607,0.25142910352822906
2026-02-06,1,-0.7666398748317629,-0.0756750648881438,0.12090537677714883,-0.8399098146354231,0.49556593923506087
2026-02-07,1,-0.5071654608951499,-0.38216259361280963,0.2816063514592845,-0.5178342567425587,0.3165871541288282
2026-02-08,1,-1.4920489440308164,0.6469738663056445,-0.20709698486012704,0.03835220833279751,0.17512375094974242
2026-02-09,1,-0.5546548513139236,-0.26094072749065983,0.20689686253046588,-0.6344926310924277,0.3543901629337627
2026-02-10,1,-0.6336125000294754,-0.3513716083687924,0.28575872387256096,-0.5697233150433523,0.39462067972495896
2026-02-11,1,-0.5249022315587886,-0.4463796404726467,0.32985692169477476,-0.46438116963668813,0.32222284572429327
2026-02-12,1,-0.5220417707727174,-0.2894431371218162,0.22012632187712997,-0.6028899874704283,0.3326708127335629
2026-02-13,1,-0.7898121589189357,-0.13514171014278825,0.1669510371215285,-0.7917238347998858,0.5048215225305591
2026-02-14,1,-1.6862971968850171,0.8964565757679976,-0.3413390408489344,-0.22051806231606824,0.31066383565557554
2026-02-15,1,-1.5435436174800887,0.8514143857084022,-0.3388766835888788,-0.15282768220427506,0.22177063495934501
2026-02-16,1,-2.069484209724768,0.7238942108025261,-0.14317728227399176,-0.1515631634331806,0.5636899647841996
2026-02-17,1,-1.7326417650593633,0.7775232852587088,-0.24924772016017513,-0.12414610264499365,0.32917500224657215
2026-02-18,1,-0.7071346353214929,-0.44655289085211763,0.3668254951057667,-0.4996868917239438,0.43123130481612193
2026-02-19,1,-0.814414673399144,-0.2730766070728478,0.2678619973747305,-0.6742834460474783,0.5088531223214224
2026-02-20,1,-0.716575431775526,-0.3585838359663169,0.30755037541472285,-0.5794755151814803,0.44369507172082334
2026-02-21,1,-0.24740563880992913,-0.37002671403062165,0.22064121661501987,-0.47804344178750807,0.16212419474116846
2026-02-23,1,-0.3154922606784124,-0.4699583981191395,0.3039128977393363,-0.40273991119776625,0.19511492813229814
2026-02-24,1,-0.5589455424930301,-0.49634548251690574,0.37149276225693295,-0.4267294043418172,0.338718212419858
2026-02-25,1,-0.22194371023390078,-0.7908703820388545,0.5081971755057959,-0.1001687535811579,0.11428492701779429
2026-02-26,1,-0.11437826400764173,-0.6457232575112704,0.3854945637104319,-0.20785694219543743,0.06117893523106652
2026-02-27,1,-0.17960442509005378,-0.5887184382489576,0.3590356450171036,-0.271062229439436,0.10461763563146596
2026-02-28,1,-0.2516963299890359,-0.6054314690568676,0.38523711634148705,-0.27028021503689753,0.14645224422726377
2026-03-06,1,-0.4136169104506384,-0.7030745775325247,0.4858906292257441,-0.21526309912595026,0.23575715301432443
2026-03-08,1,-1.5521249998383018,0.38060487565591045,-0.009684884135944288,0.2626987712969461,0.19042673393153575
2026-03-10,1,-0.5563704898555668,-0.658032387472929,0.4834282719656885,-0.28295347923774367,0.32465035371055495
2026-03-11,1,-0.5658112863095999,-0.5700633325871285,0.4241531522746447,-0.3627421026952801,0.33711412061525636
2026-03-12,1,-0.4866942500003235,-0.8277864256871272,0.588066142067596,-0.12836782877188307,0.30696528095962405
2026-03-14,1,-0.5563704898555668,-0.658032387472929,0.4834282719656885,-0.28295347923774367,0.32465035371055495
2026-03-15,1,-2.0633377649488267,0.13070711966294396,0.2523813363986631,0.22978942007144681,0.583278155781228
2026-03-16,1,-0.3280789260671245,-0.8575492548910233,0.5760344873923376,-0.0617349738837486,0.172614902309157
2026-03-17,1,-0.574096355668894,-1.1000615329069947,0.7793404829737912,-0.04958640288386407,0.4073834730711562
2026-03-18,1,-0.34009477515862097,-0.6078932950491993,0.4048238579925383,-0.2852995224453588,0.1991465279231615
2026-03-19,1,-0.4571010178389132,-0.6650713646909827,0.4682513500968586,-0.2573999572886159,0.2647162866145907
2026-03-20,1,-0.4866942500003235,-0.8277864256871272,0.588066142067596,-0.12836782877188307,0.30696528095962405
2026-03-21,1,-0.6147309071214091,-0.5273097181403938,0.4043089632546485,-0.4101460681282791,0.369693145915556
2026-03-22,1,-1.8130296441679505,0.608624152705161,-0.11552055890925761,0.009877622320951907,0.36418153553313337
2026-03-24,1,-0.5045904082576866,-0.5438494985688329,0.3935418611680399,-0.37405833163848506,0.3025192954195252
2026-03-25,1,-0.4774128411400149,-0.5676015065947966,0.40456641062359333,-0.347722795286819,0.28441983691935874
2026-03-26,1,-0.20706740035633328,-0.883589838529848,0.5696772050879504,-0.015113022853288083,0.09820126841305953
2026-03-27,1,-0.6537649357368525,-0.6020557242507378,0.4648486355343421,-0.3609025630690829,0.4244059071652907
2026-03-28,1,-0.3701328030623636,-0.7410777903740664,0.5035299083546296,-0.1731262409632845,0.20679801941405812
2026-03-29,1,-1.4677318376992157,0.46628535492885026,-0.08634183558692873,0.2031965625182039,0.1465763254403062
2026-03-30,1,-0.7844917611999733,-1.1844815926071948,0.8812585484466982,-0.025114405371257087,0.5638649100126532
2026-03-31,1,-0.5509349764320326,-0.6627827890781217,0.48563318185679916,-0.27768637196741036,0.32103046201052177
2026-04-01,1,-0.36183682885275825,-0.5888916886284286,0.3960042184280955,-0.30636795152669166,0.21362609472329464
2026-04-02,1,-1.5833078499864726,0.48757553696248207,-0.07777964339143092,0.16184171875807668,0.21737006763637023
2026-04-03,1,-1.4216726776734776,0.26659523713128513,0.04323295325071233,0.3891093457849432,0.10354933313073687
2026-04-04,1,-1.6702760647630222,0.5635819626455656,-0.11305820164920202,0.07756800243274531,0.27528833483690296
2026-04-06,1,-0.36183682885275825,-0.5888916886284286,0.3960042184280955,-0.30636795152669166,0.21362609472329464
2026-04-07,1,-0.4516655044153788,-0.6698217662961756,0.47045625998796925,-0.25213285001828273,0.26109639491455744
2026-04-10,1,-0.3998854228174986,-0.5556388773920795,0.38056984919032066,-0.34323770241902424,0.23896533662352765
2026-04-11,1,-0.41218668005760284,-0.6246063258571093,0.4310253293169216,-0.28451750804282044,0.2409811365189593
2026-04-12,1,-1.6322274707982818,0.5303291514092165,-0.09762383241142716,0.11443775332507777,0.2499490929366699
2026-04-13,1,-0.5563704898555668,-0.658032387472929,0.4834282719656885,-0.28295347923774367,0.32465035371055495
2026-04-14,1,-0.49657984219668916,-0.710286805130049,0.5076822807679061,-0.22501529926407832,0.28483154501018887
2026-04-15,1,-0.2205134798408653,-0.7124021303634391,0.4533318755969735,-0.1694231624980282,0.11950891052242922
2026-04-16,1,-0.6582150145096837,-0.48930650529885206,0.38666968412576286,-0.45228292629094485,0.39865227951582227
2026-04-17,1,-0.5965493407154381,-0.49262323695183435,0.37716713462780416,-0.4467403081994911,0.3986549571742276
2026-04-18,1,-0.8227106476087496,-0.42526270881848566,0.3753876873012645,-0.5410417354840711,0.502025047012186
2026-04-19,1,-1.7764112805962455,0.4969030897933968,-0.04522088976266034,0.11600178213015455,0.3336183101282656
2026-04-20,1,-0.7574844865263375,-0.48226752808079837,0.4018466059945929,-0.4778364482400725,0.45858634661178665
2026-04-22,1,-0.5372034887988928,-0.5153470889376766,0.3803124018213757,-0.40566097526048434,0.32423864561972493
2026-04-23,1,-0.6296072169989766,-0.43459026164940034,0.3428289336724939,-0.49520179885614896,0.38577680452029073
2026-04-24,1,-0.5045904082576866,-0.5438494985688329,0.3935418611680399,-0.37405833163848506,0.3025192954195252
2026-04-25,1,-0.6853925816273554,-0.4655544972728885,0.37564513467020944,-0.4786184626426108,0.41675173801598875
2026-04-26,1,-1.5802880016066767,0.29635806633518114,0.05526460792597068,0.32247649089680885,0.23789971178120384
2026-04-27,1,-0.4365037863892036,-0.44391781448031503,0.3102701800437234,-0.4493618622282269,0.26952856202839554
2026-04-28,1,-0.781801592857938,-0.30157901670400417,0.2810914567213946,-0.6426808024254789,0.4871337721212228
2026-04-29,1,-0.7832318232509736,-0.38004726837941954,0.33595675663021696,-0.5734263935086088,0.48190978861658784
2026-04-30,1,-1.0933305916907274,-0.8057098837645167,0.6796046431359201,-0.411452775731779,0.7408252175650487
2026-05-01,1,-1.7650954580068443,0.45787172091173367,-0.01970232837179295,0.14339484370547956,0.36097602958233554
2026-05-02,1,-0.5738218523705976,-0.4036260260259123,0.31001273267477847,-0.5117851350696869,0.3548018710245928
2026-05-04,1,-0.8182605688359184,-0.5380119277703714,0.4535666387098437,-0.4496613722622091,0.5277786746616544
2026-05-05,1,-0.4459445828432367,-0.3559487595945143,0.2509950603526797,-0.5291504856857634,0.281992328933097
2026-05-06,1,-0.5386337191919282,-0.5938153406130919,0.4351777017301982,-0.33640656634361416,0.31901466211509
2026-05-07,1,-0.6064349329118037,-0.37512361639475594,0.29678327332811427,-0.5433877786916863,0.3765212212247926
2026-05-08,1,-0.7477582819236965,-0.25161317465974514,0.23945561615923647,-0.6803325677203498,0.47063840542565794
2026-05-09,1,-0.7097096879589562,-0.2848659858960942,0.25488998539701135,-0.6434628168280172,0.445299163525425
2026-05-10,1,-2.0405266127784345,0.797366400978553,-0.20089586604581475,-0.1835817021021638,0.5153032705593463
2026-05-11,1,-0.7383174854696632,-0.3395822295455459,0.2987307358502801,-0.6005439442628131,0.4581746385209564
2026-05-12,1,-0.5111707439256488,-0.29894394033220156,0.2245361416593514,-0.5923557729297619,0.32543102933349644
2026-05-13,1,-0.5549402594625312,-0.5795641357975139,0.4285629720568661,-0.35220788815461374,0.3298743372151899
2026-05-14,1,-0.5466442852529259,-0.42737803405187597,0.3210372821303319,-0.4854495987180209,0.33670241252442634
2026-05-15,1,-0.5346284361614295,-0.6770339938937,0.49224791153013125,-0.2618850501564108,0.3101707869104219
2026-05-16,1,-0.6364729608155464,-0.5083081117196231,0.39548932369020573,-0.43121449720961197,0.3841727127156891
2026-05-17,1,-1.7981533342903828,0.5159046962141677,-0.0540405293271031,0.09493335304882167,0.3480978769283988
2026-05-18,1,-1.6416682672523149,0.6182982062950173,-0.15689895210247096,0.034649129867541206,0.2624128598413714
2026-05-19,1,-0.5658112863095999,-0.5700633325871285,0.4241531522746447,-0.3627421026952801,0.33711412061525636
2026-05-20,1,-0.549504746038997,-0.5843145374027066,0.43076788194797677,-0.34694078088428054,0.3262544455151566
2026-05-21,1,-0.6705162717497881,-0.5582739537638819,0.4371251642523639,-0.39356273191474106,0.40066807941125404
2026-05-22,1,-0.7354570246835923,-0.18264572619471542,0.1890001360326354,-0.7390527620965535,0.4686226055302263
2026-05-23,1,-0.9734747930746755,-0.21378321219767432,0.2587849104413429,-0.7577751479702712,0.6086059981177528
2026-05-24,1,-2.0427514383494287,0.7296727684478401,-0.1532614744270843,-0.14208647411617287,0.5109930034298965
2026-05-25,1,-0.4093262192715319,-0.4676698225062787,0.32129472949927684,-0.4230263258765607,0.25142910352822906
2026-05-26,1,-0.6553545537236127,-0.3323700019480215,0.2769390843081182,-0.5907917441246853,0.40910024652509214
2026-05-27,1,-0.7111399183519918,-0.36333423757150957,0.3097552853058335,-0.5742084079111471,0.44007518002079005
2026-05-28,1,-0.5575153120999945,-0.41787723084149037,0.31662746234811057,-0.4959838132586873,0.34394219592449293
2026-05-29,1,-0.8796408344815562,-0.2160717878105352,0.24140307868140218,-0.7374887332914768,0.5522918227218219
2026-05-30,1,-0.9176894284462968,-0.18281897657418622,0.22596870944362732,-0.7743584841838094,0.5776310646220549
2026-05-31,1,-1.8115994137749147,0.6870924043805764,-0.17038585881808005,-0.059376786595918385,0.3694055190377683
2026-06-01,1,-0.8075489295825742,-0.19935875700262534,0.21520160735701874,-0.7382707476940151,0.5104572141260241
2026-06-03,1,-1.7761258724476379,0.8155264981002506,-0.2668869992890607,-0.16628296080765942,0.3581341358468383
2026-06-04,1,-0.8919420917216604,-0.2850392362755651,0.29185855880800304,-0.6787685389152731,0.5543076226172536
2026-06-05,1,-0.37127762530679154,-0.5009226337426278,0.3367290987370517,-0.38615657498422823,0.22608986162799605
2026-06-07,1,-1.762679792963106,0.6443387899338419,-0.1505416697980838,-0.011972821162919423,0.33682649373746876
2026-06-08,1,-1.841192645936325,0.5243773433844318,-0.050571066847342666,0.06965534192081446,0.41165451338280157
2026-06-10,1,-0.7560542561333019,-0.4037992764053831,0.3469813060857704,-0.5470908571569426,0.4638103301164215
2026-06-11,1,-0.6459137572695797,-0.42033905683382217,0.3362142039991618,-0.5110031206671486,0.3966364796203906
2026-06-12,1,-0.5712467997331343,-0.5653129309819358,0.421948242383534,-0.3680092099656134,0.34073401231528966
2026-06-13,1,-0.7140003791380627,-0.5202707409223402,0.4194858851234784,-0.4356995900774067,0.4296272130115203
2026-06-14,1,-2.101386358913567,0.16395993089929306,0.23694696716088828,0.19291966917911435,0.608617397681461
2026-06-15,1,-1.6974536318806936,0.5873339706715293,-0.1240827511047555,0.05123246608107912,0.2933877933370693
2026-06-16,1,-0.7081200699721959,-0.5545517081988105,0.4427995366232351,-0.41357363577241496,0.46060482416562354
